{
    "average": [
        2219.8980183511267,
        4445.370035021234,
        6669.499351812257,
        8893.92145422909,
        11111.785504416363,
        13332.007227645394,
        15414.347089624867,
        17671.512532256398,
        20206.594114405154,
        22282.966729016753,
        24596.095469395128,
        26561.778505367467,
        28906.528809757285,
        31026.78116174649,
        33711.14549936593,
        35573.894641493156,
        37840.79822018402,
        39941.23808326943,
        42030.478700822816,
        44744.24206540492,
        46948.51385749676,
        48334.9175550755,
        51093.35189044621,
        53461.48285006488,
        55582.56425143034,
        58074.67383876961,
        59791.35916671582,
        62466.69218259703,
        64375.110750339154,
        64963.147738734224,
        65038.63922525657,
        65039.26369514569,
        65039.26369514569,
        65039.26369514569
    ],
    "variance": [
        14516.701546252993,
        28622.414665235458,
        43139.81207812255,
        57325.502657988734,
        71665.074091294,
        86064.41157553233,
        99476.34976958667,
        114085.71573150258,
        130295.82918043464,
        143887.96826710738,
        158874.06531303358,
        171987.00810748144,
        187173.318871339,
        201035.73264734875,
        218199.97069368945,
        230426.50538783515,
        245230.27554897754,
        259216.8078153155,
        272964.00715627003,
        289002.4523243744,
        302894.833147301,
        311554.80902620504,
        329308.7719271849,
        344085.1729488962,
        357304.0858531448,
        373645.9136337053,
        383586.03791972087,
        399426.23587415664,
        224428.6882404812,
        35241.389365761104,
        315.9125727575329,
        0.0,
        0.0,
        0.0
    ],
    "gain": 0.15438755265255769,
    "slope": 6.477206114216056,
    "intercept": -192.25446809249874,
    "saturation_value": 62466.69218259703,
    "linearity_error": 0.8465584308180172,
    "residuals": [
        0.01393118813215612,
        0.014607452671780086,
        0.012895422421957667,
        0.011704177490905408,
        -0.0011520435176549451,
        -0.009814610882109961,
        -0.26373118914767346,
        -0.20668101316100176,
        0.3447057441065429,
        0.08017506955777116,
        0.23676860180088297,
        -0.2246484715838825,
        -0.011808850591398273,
        -0.1982895083241945,
        0.6186303234591292,
        -0.02587791285599208,
        0.04849373606124992,
        -0.1732279049709493,
        -0.4148699319111149,
        0.4543427048419048,
        0.4173095849657397,
        -1.074486538176905,
        -0.12581649740086,
        0.12861089605427534,
        -0.0563951102420095,
        0.41855625524927714,
        -0.4857594419658047,
        0.3150961456887731,
        -0.24817870933818495,
        -3.160050220372649,
        -6.983599590731085,
        -10.940316848055204,
        -14.898144866023289,
        -18.855972883991377
    ],
    "exposures": [
        0.02,
        0.04,
        0.06,
        0.08,
        0.1,
        0.12,
        0.14,
        0.16,
        0.18,
        0.2,
        0.22,
        0.24,
        0.26,
        0.28,
        0.3,
        0.32,
        0.34,
        0.36,
        0.38,
        0.4,
        0.42,
        0.44,
        0.46,
        0.48,
        0.5,
        0.52,
        0.54,
        0.56,
        0.58,
        0.6,
        0.62,
        0.64,
        0.66,
        0.68
    ]
}