{
    "average": [
        2887.206198352896,
        5771.582993283297,
        8728.566947991625,
        11658.526283399198,
        14648.77802572402,
        17586.26075841247,
        20549.47484373157,
        23441.149098258524,
        26509.7012761369,
        29364.495792032852,
        32293.393618799397,
        35383.11289972131,
        37857.21044303704,
        40689.445772199775,
        43933.31903437242,
        47190.785620613126,
        50074.94731604636,
        53051.76464436858,
        56031.31947538191,
        58797.2196625059,
        61809.7696546169,
        64573.27788987849,
        65026.288478493276,
        65036.29337538339,
        65036.29341151056,
        65036.29341151056
    ],
    "variance": [
        24480.12958729693,
        48890.60985223072,
        73779.84882344608,
        98525.87298050964,
        123907.98342407182,
        148635.22481386198,
        173884.37308076888,
        197944.9929638786,
        224487.5850750478,
        249311.22378621274,
        274113.7821989461,
        300545.6198743998,
        321854.18211058126,
        347301.64705665957,
        373383.45756272605,
        399722.642403048,
        423312.4934035554,
        448695.5082947657,
        473511.24534304254,
        496131.98464172304,
        521339.5611891398,
        207862.98389677604,
        6090.900426461023,
        0.009961439540085309,
        0.0,
        0.0
    ],
    "gain": 0.11755064681675234,
    "slope": 8.506971480632366,
    "intercept": -574.9686335121969,
    "saturation_value": 61809.7696546169,
    "linearity_error": 0.5445342053260886,
    "residuals": [
        0.12698154181434185,
        0.013056140937826095,
        0.029651566180340067,
        -0.00233328147964161,
        0.07406532482845407,
        0.055604763634507726,
        0.08339966006738572,
        -0.01740760675698229,
        0.19974623037391734,
        0.0326428301118076,
        -0.0012502175822112348,
        0.253954244090929,
        -0.597501546681414,
        -0.8051580232241328,
        -0.2728417031072474,
        0.2839103874280446,
        0.1695983171906255,
        0.22184681461956757,
        0.27901632967043183,
        -0.04788620423221965,
        0.06859641020954872,
        -0.2626059686956149,
        -4.74722878862579,
        -10.028212036868883,
        -15.32718032537495,
        -20.626148678824304
    ],
    "exposures": [
        0.02,
        0.04,
        0.06,
        0.08,
        0.1,
        0.12,
        0.14,
        0.16,
        0.18,
        0.2,
        0.22,
        0.24,
        0.26,
        0.28,
        0.3,
        0.32,
        0.34,
        0.36,
        0.38,
        0.4,
        0.42,
        0.44,
        0.46,
        0.48,
        0.5,
        0.52
    ]
}