{
    "average": [
        2982.1269224814205,
        5887.420124085762,
        11831.286011450102,
        17456.46343410847,
        23725.0683812817,
        29513.345462612066,
        35625.00527943259,
        41532.27423701634,
        47437.95154156099,
        52225.501033826826,
        55334.46385661201,
        57878.96635329421,
        58834.81191120089,
        60423.55098144243,
        60129.45609262564,
        61576.51549155067,
        63539.73955585703,
        64125.419979282175,
        64953.44246346732,
        65028.30845556359,
        65042.96420590274,
        65043.04026793087,
        65043.04026793087,
        65043.04026793087,
        65043.04026793087
    ],
    "variance": [
        5089.890608535157,
        10111.49526893278,
        20274.167428444438,
        30191.171703276694,
        40506.27387077412,
        50260.102955232585,
        60786.12818466026,
        70892.42955094547,
        81146.83154322393,
        90488.3391990792,
        93791.24374185041,
        98072.1722930968,
        99721.03541317109,
        102145.7304504969,
        101709.08260324357,
        104180.75531825001,
        100709.74075225077,
        85593.37754765809,
        93089.35474865124,
        4435.032791392708,
        19.559765958958458,
        0.0,
        0.0,
        0.0,
        0.0
    ],
    "gain": 0.5861088112477015,
    "slope": 1.706167832336818,
    "intercept": 82.41051434836254,
    "saturation_value": 61576.51549155067,
    "linearity_error": 1.1281915339608353,
    "residuals": [
        -0.12178527446972821,
        -0.17599504039220654,
        -0.043919775566137007,
        -0.4868986385858243,
        0.2311486882919581,
        0.08247332965577693,
        0.5173226275811068,
        0.5833609382418521,
        0.6465272069192651,
        -1.3079007743342286,
        -0.9946009835964517,
        0.9484822935874418,
        0.024929869926206397,
        0.24339564604746589,
        -2.9355989823163533,
        -2.9727856343353913,
        -2.0785842558855605,
        -3.670077355606685,
        -4.8242788121575,
        -7.337505767447815,
        -9.959378475237983,
        -12.607559351896802,
        -15.255877477901219,
        -20.552513729910107,
        -25.849149981919044
    ],
    "exposures": [
        0.05,
        0.1,
        0.2,
        0.3,
        0.4,
        0.5,
        0.6,
        0.7,
        0.8,
        0.9,
        0.95,
        0.975,
        1.0,
        1.025,
        1.05,
        1.075,
        1.1,
        1.125,
        1.15,
        1.175,
        1.2,
        1.225,
        1.25,
        1.3,
        1.35
    ]
}