{
    "average": [
        2338.861539164799,
        4680.198050423203,
        9474.49381816238,
        18791.911424516336,
        23648.46337446178,
        25907.86898549015,
        28401.460069673823,
        32756.83361566592,
        35537.624735165744,
        37870.42068715347,
        42655.24898858677,
        47321.156766507906,
        51962.4063017577,
        54162.08261420608,
        56732.06784608352,
        59137.26741550666,
        61503.82535658989,
        63799.303180554736,
        64928.46226251917,
        65039.14853202047,
        65039.24503833903,
        65039.24503833903,
        65039.24503833903,
        65039.24503833903
    ],
    "variance": [
        6603.3763446889425,
        13240.567682175186,
        26469.492517914987,
        52564.93301177187,
        65842.7436660049,
        72403.01024494982,
        79414.6634835209,
        91598.77481552851,
        99440.01399736933,
        105968.8574172643,
        119409.44106191074,
        131983.04937564512,
        144779.3560843597,
        150686.61536892463,
        157807.47164312244,
        164196.74915178583,
        170738.98786040716,
        157533.47328669802,
        23904.543523235487,
        30.09136325331678,
        0.0,
        0.0,
        0.0,
        0.0
    ],
    "gain": 0.35801932060545966,
    "slope": 2.7931453484377973,
    "intercept": 65.2441101312525,
    "saturation_value": 61503.82535658989,
    "linearity_error": 0.39993380106949705,
    "residuals": [
        0.02144027500522441,
        -0.019349903297792452,
        0.1007243067027522,
        -0.14902259923215974,
        0.08352190897127149,
        -0.10528236936718971,
        0.12898635592467372,
        -0.543884189411846,
        0.20923218234934626,
        0.15301286570292225,
        0.25598341272714814,
        0.14411542857479534,
        -0.01229945530901601,
        -0.3090090337264706,
        0.0632712474877481,
        0.13785430508504606,
        0.1426284648601762,
        0.018991249486826563,
        -2.211685171692491,
        -6.282306428386226,
        -10.552716094882204,
        -14.82330010702616,
        -19.093884119170117,
        -27.635052143458033
    ],
    "exposures": [
        0.025,
        0.05,
        0.1,
        0.2,
        0.25,
        0.275,
        0.3,
        0.35,
        0.375,
        0.4,
        0.45,
        0.5,
        0.55,
        0.575,
        0.6,
        0.625,
        0.65,
        0.675,
        0.7,
        0.725,
        0.75,
        0.775,
        0.8,
        0.85
    ]
}