{
    "average": [
        2374.2298951943494,
        4816.404613771087,
        9661.221543514805,
        14484.980799700661,
        19331.1727357482,
        23553.339779108173,
        28835.638024544354,
        33670.19709109944,
        38548.4456482246,
        43414.45976086027,
        47197.604859988794,
        50163.506483352015,
        52252.016041789546,
        54336.859483528955,
        57692.313593399784,
        59948.813090384276,
        62364.720956227146,
        64474.41376319747,
        65015.51820352129,
        65043.55911447888,
        65043.560164415474,
        65043.560164415474,
        65043.560164415474
    ],
    "variance": [
        3632.371894113913,
        7379.699478446081,
        14621.72944484584,
        21919.545030616653,
        29225.455070944972,
        35652.39320652976,
        43494.63758615723,
        50841.40588551513,
        58206.92588105927,
        65509.927436854174,
        71431.59741121306,
        76181.87627396882,
        80349.09317984665,
        81500.62592415951,
        86486.05871100193,
        89602.01879715272,
        93125.65002992352,
        43903.36683819937,
        4988.09339298739,
        0.18860024404684647,
        0.0,
        0.0,
        0.0
    ],
    "gain": 0.6625507868375976,
    "slope": 1.5093182588659682,
    "intercept": 55.139622739517534,
    "saturation_value": 62364.720956227146,
    "linearity_error": 0.8796046996341891,
    "residuals": [
        -0.3346558134621277,
        -0.21822443719308549,
        -0.05579414640511764,
        0.0691190759096121,
        0.23399912476367987,
        -0.7129048306139678,
        0.22895707361869364,
        0.37311160594838005,
        0.5951048228209816,
        0.795300736663738,
        -0.9337796684402633,
        0.11574140048454999,
        -0.3979291190271532,
        -0.9181313169228125,
        0.8254297308281148,
        0.6110558078736422,
        0.6806892646153796,
        0.20475954222955772,
        -3.0658206431381276,
        -7.250492288298995,
        -11.485120704943373,
        -15.719750992190553,
        -19.95438127943771
    ],
    "exposures": [
        0.05,
        0.1,
        0.2,
        0.3,
        0.4,
        0.5,
        0.6,
        0.7,
        0.8,
        0.9,
        1.0,
        1.05,
        1.1,
        1.15,
        1.2,
        1.25,
        1.3,
        1.35,
        1.4,
        1.45,
        1.5,
        1.55,
        1.6
    ]
}