{
    "average": [
        2151.2187138359677,
        4310.735106059042,
        8619.854687721188,
        17190.222394346467,
        21539.629225404035,
        25832.62230380736,
        30040.80521340834,
        34424.05701136163,
        38702.43509968149,
        43057.277624565,
        47278.88963482069,
        51651.937571553906,
        53740.36461008464,
        55836.18791406158,
        57965.67932608086,
        59979.09562643772,
        62075.451578941545,
        64139.5610364442,
        64947.55427347528,
        65039.07297750531,
        65039.20982681078,
        65039.20982681078,
        65039.20982681078,
        65039.20982681078,
        65039.20982681078
    ],
    "variance": [
        5592.28583497196,
        11084.236914853484,
        21752.1459827548,
        43363.33249542769,
        54318.44657392884,
        65032.824159384574,
        75554.37554030631,
        86877.43818152302,
        97608.36096825209,
        108642.59011745102,
        119724.57506353155,
        130065.19347088056,
        135148.2226370947,
        140298.01582036444,
        145699.1087411652,
        150407.65544019823,
        155820.315430108,
        117576.05516313926,
        19071.69251820491,
        41.134811491831464,
        0.0,
        0.0,
        0.0,
        0.0,
        0.0
    ],
    "gain": 0.39632500412186644,
    "slope": 2.523181705922619,
    "intercept": 31.746513994059118,
    "saturation_value": 62075.451578941545,
    "linearity_error": 0.11680444362562775,
    "residuals": [
        -0.04903229052330473,
        -0.02857031761944456,
        -0.005390374440515722,
        -0.04471735155349273,
        0.050574206282690146,
        0.044888734070382526,
        -0.11260154744186165,
        0.043270349024958826,
        0.011424973892146589,
        0.11644607803525918,
        -0.01700696722637095,
        0.1206006664933089,
        0.013817216673473517,
        -0.07972738830678737,
        -0.11300822075794659,
        -0.3540561221728602,
        -0.44664732015971326,
        -0.5969576937286004,
        -2.9956362288048917,
        -6.676758619216201,
        -10.521448718851952,
        -14.366383770042605,
        -18.211318821233252,
        -22.05625387242393,
        -29.746123974805204
    ],
    "exposures": [
        0.025,
        0.05,
        0.1,
        0.2,
        0.25,
        0.3,
        0.35,
        0.4,
        0.45,
        0.5,
        0.55,
        0.6,
        0.625,
        0.65,
        0.675,
        0.7,
        0.725,
        0.75,
        0.775,
        0.8,
        0.825,
        0.85,
        0.875,
        0.9,
        0.95
    ]
}