{
    "average": [
        2387.0630343503008,
        4763.528730424973,
        7195.175749970509,
        9647.693995259231,
        11956.547436408811,
        14346.515848546067,
        16568.810343503006,
        18985.186808275335,
        21262.157953912058,
        24000.50878542674,
        25975.492465347408,
        28480.93932984104,
        30942.780834242658,
        33301.02088570544,
        35687.88081643712,
        37996.36937503686,
        40169.100961646225,
        42653.20701910317,
        45005.80179481981,
        47409.03964993512,
        49979.17311751652,
        52325.82179061726,
        54544.85326943494,
        56923.84575439424,
        59266.44758279757,
        61551.945793618026,
        63916.14755562847,
        65022.941280708095,
        65043.24096157249,
        65043.24096570131,
        65043.24096570131,
        65043.24096570131,
        65043.24096570131
    ],
    "variance": [
        4393.2220796521315,
        8737.731509463863,
        13043.570894029821,
        17315.845363529977,
        21611.315831601732,
        25840.41790461769,
        29847.90539376416,
        34237.31419843364,
        38286.49085559193,
        43211.15270844343,
        46728.877905920875,
        51222.89763820569,
        55635.5018552469,
        59997.39759126428,
        64341.50531931063,
        68668.00787080424,
        72294.05487383471,
        76786.85660357645,
        81094.56959252892,
        85591.02523310982,
        89793.37552057984,
        93838.75947543616,
        97698.46954661996,
        101873.19572636911,
        105977.95857456829,
        109885.69119271432,
        107700.62835515481,
        5641.891656999252,
        0.00046242771157044445,
        0.0,
        0.0,
        0.0,
        0.0
    ],
    "gain": 0.5552461110031344,
    "slope": 1.8010031591096638,
    "intercept": 33.133592420547494,
    "saturation_value": 61551.945793618026,
    "linearity_error": 0.37638580008211786,
    "residuals": [
        -0.09986168645476734,
        -0.0870562202598785,
        0.0253603643874993,
        0.1754528511152414,
        0.06620737850400697,
        0.10338740776733132,
        -0.16211081305626965,
        -0.07726002322264403,
        -0.2440581407345657,
        0.42200790032753677,
        -0.28992591394766787,
        -0.044288800423667,
        0.12263366082160049,
        0.10253892219870607,
        0.13410764513550388,
        0.02420350113679867,
        -0.330763699836699,
        -0.1236501577657562,
        -0.15393552241345745,
        -0.09280202532540868,
        0.26960475730350875,
        0.22858572599562024,
        -0.042802761075945966,
        -0.0254360366317206,
        -0.07376027015580543,
        -0.22516567059168227,
        -0.23449856774015632,
        -2.5136541699558963,
        -6.754105372364924,
        -11.031200739441795,
        -11.8866198143478,
        -15.308296113971823,
        -19.585391488501852
    ],
    "exposures": [
        0.025,
        0.05,
        0.075,
        0.1,
        0.125,
        0.15,
        0.175,
        0.2,
        0.225,
        0.25,
        0.275,
        0.3,
        0.325,
        0.35,
        0.375,
        0.4,
        0.425,
        0.45,
        0.475,
        0.5,
        0.525,
        0.55,
        0.575,
        0.6,
        0.625,
        0.65,
        0.675,
        0.7,
        0.725,
        0.75,
        0.755,
        0.775,
        0.8
    ]
}