{
    "average": [
        2374.993185531438,
        4724.185840435885,
        6812.585638308069,
        9426.222958851893,
        14141.302863667865,
        15787.793742811431,
        18155.282284342928,
        23334.270547695232,
        27388.332932346348,
        31855.530227453695,
        34986.6020769435,
        37380.72704605108,
        38552.14687876018,
        41551.17431148254,
        44456.15176341129,
        42295.13343163855,
        44558.46128273564,
        46318.747207627996,
        50526.683174287784,
        52881.05562547924,
        55179.9285615489,
        57909.770411370475,
        59576.3494817226,
        61706.55390811166,
        64088.22416089124,
        65035.36264653622,
        65043.41828875192,
        65043.41831746933,
        65043.41831746933,
        65043.41831746933
    ],
    "variance": [
        4186.614172088114,
        8307.455332404732,
        12011.69711391712,
        16355.60304154507,
        24465.755332413617,
        27314.107310694657,
        31500.635233379333,
        40320.77605521199,
        47406.496509945784,
        55367.67255201586,
        60547.717351405285,
        65162.01001147532,
        67560.6967446261,
        72073.96756838936,
        77915.31710952421,
        73084.12465224261,
        87291.7545378658,
        80261.12152515334,
        87241.42081204527,
        91556.90161752763,
        94801.48067970415,
        100300.28775332769,
        102276.3174577435,
        105816.46165350292,
        148258.14907501472,
        2079.148282313775,
        0.004758279209042738,
        0.0,
        0.0,
        0.0
    ],
    "gain": 0.5610341837447922,
    "slope": 1.782422584886357,
    "intercept": -652.034278836112,
    "saturation_value": 64088.22416089124,
    "linearity_error": 4.017630354084453,
    "residuals": [
        -1.4974670656519875,
        -1.1794493107612536,
        -1.3135736536442113,
        -0.537082583081115,
        0.1278966995240392,
        -0.7723744919060066,
        -0.4226367710073099,
        1.046630254714284,
        0.5655894674694157,
        0.8008094214231442,
        2.4743876900042134,
        2.87030554934112,
        1.1463936264479109,
        2.5910436940194486,
        3.8726373186519227,
        -3.628793204773869,
        -3.459641078183604,
        -4.162623389516984,
        -0.6220630015052965,
        -0.2950649241245434,
        -0.06428753115264392,
        0.9136697921151758,
        0.048225923092922104,
        -0.01342085023781958,
        0.36090400370850967,
        -1.7518492391006624,
        -5.492710289934941,
        -9.247537528445571,
        -13.002364816744185,
        -16.7571921050428
    ],
    "exposures": [
        0.025,
        0.05,
        0.075,
        0.1,
        0.15,
        0.175,
        0.2,
        0.25,
        0.3,
        0.35,
        0.375,
        0.4,
        0.425,
        0.45,
        0.475,
        0.5,
        0.525,
        0.55,
        0.575,
        0.6,
        0.625,
        0.65,
        0.675,
        0.7,
        0.725,
        0.75,
        0.775,
        0.8,
        0.825,
        0.85
    ]
}