{
    "average": [
        2369.890095552672,
        4702.911444312552,
        6929.396622109827,
        9270.00641072903,
        11648.056987031085,
        14009.979755957296,
        16454.91084478589,
        18704.23550474814,
        23278.849148246725,
        27853.56124926271,
        32784.91213964994,
        35387.34669664976,
        37279.07829590362,
        39544.478573935354,
        42104.908272457826,
        44305.44419845612,
        46628.23674284092,
        48936.65648843931,
        51372.54198813702,
        53894.999618600326,
        54316.87821059927,
        57140.470542681665,
        58932.16337848001,
        61134.983652530376,
        64577.6966764849,
        65019.29917261413,
        65043.251697571366,
        65043.26540440309,
        65043.26540440309,
        65043.26540440309
    ],
    "variance": [
        4315.8977137455495,
        8482.567969319138,
        12405.493458940795,
        16505.44452649795,
        20658.14352866624,
        24914.859559548924,
        29246.77191984724,
        33163.62023648372,
        41317.140787263,
        49475.518446156595,
        58571.700308333464,
        62916.312173371145,
        66196.13789469414,
        70234.07184807684,
        74851.8597784497,
        78744.71476905436,
        83122.74552673638,
        86967.95297362015,
        90939.96311396851,
        95386.5672418015,
        96117.77567631316,
        100885.76881343071,
        103844.6947047436,
        107905.84135914056,
        67635.2977733439,
        7133.626834118047,
        3.4496910873020004,
        0.0,
        0.0,
        0.0
    ],
    "gain": 0.5625354354320058,
    "slope": 1.7776657913683929,
    "intercept": 28.916780627795763,
    "saturation_value": 61134.983652530376,
    "linearity_error": 1.7143665410288498,
    "residuals": [
        -0.3035336667070554,
        -0.2588186097650391,
        -0.4077300432864463,
        -0.34922321060500566,
        -0.22266880071373976,
        -0.12542622653835084,
        0.12268163138752089,
        0.015280313497712111,
        -0.06145930348576133,
        -0.1380199767041099,
        0.4336003061334617,
        0.9679662818634444,
        0.21064964663654978,
        0.1324653118680693,
        0.5904886402521374,
        0.39441517236635126,
        0.420539665419231,
        0.420542001443146,
        0.6522097558646178,
        1.0412199199168075,
        -2.387513162140892,
        -1.451199158421724,
        -2.3903334289472693,
        -2.5822551585800064,
        -0.5207067329989056,
        -3.913592174762468,
        -8.065544677313927,
        -12.261005307645863,
        -16.456490849758477,
        -20.65197639187107
    ],
    "exposures": [
        0.025,
        0.05,
        0.075,
        0.1,
        0.125,
        0.15,
        0.175,
        0.2,
        0.25,
        0.3,
        0.35,
        0.375,
        0.4,
        0.425,
        0.45,
        0.475,
        0.5,
        0.525,
        0.55,
        0.575,
        0.6,
        0.625,
        0.65,
        0.675,
        0.7,
        0.725,
        0.75,
        0.775,
        0.8,
        0.825
    ]
}