{
    "average": [
        2063.1047297466675,
        4102.409062315678,
        6084.96137828831,
        8226.214883434586,
        12242.781861839389,
        17113.40144007314,
        20437.581035633186,
        24418.043985047778,
        29672.30362322313,
        34111.14436840126,
        34531.75266330954,
        37933.34477991919,
        41940.080517060866,
        46810.66184598768,
        51377.998825682735,
        55566.5719517518,
        57352.04348258523,
        63959.59294624425,
        62706.44050522738,
        64953.439983595315,
        65044.08279827032,
        65044.08427981597,
        65044.08427981597,
        65044.08427981597,
        65044.08427981597
    ],
    "variance": [
        3410.110382687944,
        6713.077425614549,
        9882.118264636962,
        13385.172585145043,
        19887.078270606315,
        28425.82214807161,
        33360.976383083216,
        42021.64777095178,
        48061.150376024336,
        55349.85996743837,
        56055.15317037271,
        61640.09812698556,
        68602.27075140824,
        76168.62767165441,
        83117.67363076714,
        89483.50996348515,
        94675.21811077376,
        96361.02630542644,
        100711.97242135656,
        58430.26419860472,
        0.3161758557552174,
        0.0,
        0.0,
        0.0,
        0.0
    ],
    "gain": 0.6146043135614304,
    "slope": 1.6270631004935971,
    "intercept": 200.78306784522158,
    "saturation_value": 62706.44050522738,
    "linearity_error": 2.1969970002708226,
    "residuals": [
        0.37302276594643885,
        0.24162883884817615,
        0.009674593367717541,
        0.058926956357854963,
        -0.3137941151062142,
        0.8268019870686338,
        -0.7727776145137544,
        -1.2094723184208198,
        0.6109052062586544,
        0.986421589212797,
        -2.0131803536257853,
        0.2692975340097261,
        -0.12084375986764768,
        1.019684567403063,
        1.6228866438160867,
        1.554947569718381,
        -2.7711073567255586,
        1.4471982747536634,
        -4.518182200631219,
        -4.281555901478887,
        -7.8658319358722935,
        -11.610717616666454,
        -15.355605922648458,
        -19.100494228630435,
        -22.845382534612437
    ],
    "exposures": [
        0.025,
        0.05,
        0.075,
        0.1,
        0.15,
        0.2,
        0.25,
        0.3,
        0.35,
        0.4,
        0.425,
        0.45,
        0.5,
        0.55,
        0.6,
        0.65,
        0.7,
        0.75,
        0.775,
        0.8,
        0.825,
        0.85,
        0.875,
        0.9,
        0.925
    ]
}