{
    "average": [
        2687.51376323434,
        5466.353083416892,
        11216.266435096437,
        16063.650490371005,
        22111.064822608234,
        26633.63513145865,
        32771.93378258818,
        39202.36592957414,
        42645.28313303646,
        48256.09060148048,
        53361.37525241094,
        52534.66140125487,
        55539.4921719432,
        55181.11384422555,
        55956.33512006754,
        58422.74814063053,
        61646.03498525421,
        60616.038386737644,
        61067.77384208741,
        62513.540199178664,
        64318.94146440368,
        64667.52983963961,
        65023.890223472335,
        65043.33232017518,
        65043.33232810104,
        65043.33232810104
    ],
    "variance": [
        4511.216417484782,
        8805.901892239872,
        18023.81920768915,
        25870.72718064217,
        35817.3776802214,
        42901.46359161067,
        54221.78875644243,
        62850.329953607245,
        68278.9682581144,
        77664.98762123096,
        84989.85179164287,
        83806.03729154493,
        90884.19341997853,
        88693.67151500573,
        89040.36563888357,
        96629.59222072548,
        97849.54570087689,
        98517.67983192611,
        96832.77929414467,
        101402.36827485099,
        339525.1420343565,
        36671.70916100172,
        13328.75713505844,
        0.0007842175709369695,
        0.0,
        0.0
    ],
    "gain": 0.6211183740219938,
    "slope": 1.6099990626981358,
    "intercept": 135.2102498630841,
    "saturation_value": 64318.94146440368,
    "linearity_error": 2.638953670974808,
    "residuals": [
        -0.575263223987842,
        -0.42249417330621397,
        0.21512980947802468,
        -0.706367528000524,
        0.4451900450108369,
        -1.0374237450654908,
        0.27113668627632537,
        2.084358366363119,
        -1.2633585087915642,
        -0.8660402415008825,
        3.305668172194304,
        -0.4463227576414453,
        2.4206879706975752,
        -0.5222523249506243,
        -1.5068968427316776,
        0.4299960525661964,
        3.674390123219097,
        -0.4287721943087698,
        -1.9722391697553125,
        -1.7985156029351974,
        -1.0035219510157944,
        -2.7251757314435636,
        -4.433403350135816,
        -9.04749899773952,
        -13.695180895942904,
        -18.34286280783823
    ],
    "exposures": [
        0.05,
        0.1,
        0.2,
        0.3,
        0.4,
        0.5,
        0.6,
        0.7,
        0.8,
        0.9,
        0.95,
        0.975,
        1.0,
        1.025,
        1.05,
        1.075,
        1.1,
        1.125,
        1.15,
        1.175,
        1.2,
        1.225,
        1.25,
        1.3,
        1.35,
        1.4
    ]
}