{
    "average": [
        2099.2805938863985,
        4214.532593193347,
        6385.328512666627,
        8639.001159534622,
        10456.185676241596,
        12782.282626150172,
        17039.954540226496,
        21004.641529874956,
        25172.118759068657,
        29441.488774699188,
        33656.35108171376,
        37844.80744724696,
        40094.14114014392,
        42228.018751769494,
        46379.49299851805,
        50592.68657621358,
        52737.7152825292,
        55178.99561312965,
        57295.56816190132,
        58888.111994145926,
        61041.36845552672,
        61957.40749631355,
        62960.95440581869,
        63923.39655011354,
        64541.907444408396,
        64801.38918839212,
        64981.301699304,
        65014.410961461894,
        65013.66329018964,
        65016.47953381208,
        65016.706618423384,
        65016.70766095022,
        65016.70796028961,
        65016.707980859974,
        65016.707980859974
    ],
    "variance": [
        48053.428108000975,
        95185.76059813531,
        144085.8057144685,
        194538.03516254277,
        234741.67064423507,
        287075.1437387383,
        382021.9490475903,
        471642.1124010423,
        562949.8466589819,
        661500.5365097089,
        756578.7186419732,
        850826.843570663,
        904822.0695161273,
        952155.3252025727,
        1040293.9368330846,
        1132941.1660893243,
        1180541.3828135992,
        1234227.027165191,
        1281743.0830043259,
        1317436.0308735506,
        1360645.6931462362,
        1352635.4382370228,
        1232519.9092674104,
        866410.1742174608,
        467157.430668856,
        208678.18877384227,
        39510.21420513576,
        1968.7857671526758,
        2625.313454685306,
        166.38139413858386,
        0.5724967920224376,
        0.1260417830787973,
        0.011478263870011161,
        0.0,
        0.0
    ],
    "gain": 0.04446671884161207,
    "slope": 22.488729235047526,
    "intercept": -138.15013063972734,
    "saturation_value": 61041.36845552672,
    "linearity_error": 0.39688405498159673,
    "residuals": [
        0.004072762826339457,
        0.008639895061316825,
        0.11431135770862026,
        0.3708399439603587,
        -0.16715299438866987,
        0.2212065941144349,
        0.2797935060262984,
        -0.19492807949014127,
        -0.30051887045736503,
        -0.22063838183735102,
        -0.23997605004571704,
        -0.3073793755642947,
        -0.05874881009714154,
        -0.020278236110935904,
        -0.15499860273416977,
        -0.1773737907995389,
        -0.11860533436957946,
        0.47941785988201274,
        0.48638873439889885,
        -0.46050847138246676,
        -0.38676336828855096,
        -0.6422047633992388,
        -0.7383591574110029,
        -0.9093348775174297,
        -1.7063546117120358,
        -3.1569004515903982,
        -4.75228291817894,
        -6.614885345533257,
        -8.539116166670738,
        -10.4568597390149,
        -12.379316251809946,
        -14.302184219783594,
        -16.225053540551055,
        -18.1479233687504,
        -20.07079323439314
    ],
    "exposures": [
        0.02,
        0.04,
        0.06,
        0.08,
        0.1,
        0.12,
        0.16,
        0.2,
        0.24,
        0.28,
        0.32,
        0.36,
        0.38,
        0.4,
        0.44,
        0.48,
        0.5,
        0.52,
        0.54,
        0.56,
        0.58,
        0.59,
        0.6,
        0.61,
        0.62,
        0.63,
        0.64,
        0.65,
        0.66,
        0.67,
        0.68,
        0.69,
        0.7,
        0.71,
        0.72
    ]
}