{
    "average": [
        2795.188794937773,
        5540.7779570086705,
        11135.310992612362,
        22316.332925489558,
        27922.483273195117,
        30702.911570462726,
        33497.11386051964,
        36296.37700328831,
        39075.558182950925,
        41755.38123864574,
        44541.245966880975,
        47276.53803125369,
        49861.719620885924,
        52906.60877812758,
        55663.75591036776,
        58291.89108978707,
        61075.98343042203,
        63779.8132980049,
        64926.692827577564,
        65043.96878575852,
        65044.00375025805,
        65044.00375025805,
        65044.00375025805,
        65044.00375025805
    ],
    "variance": [
        9427.97763104228,
        18300.91752133166,
        36847.92283807286,
        73849.81804969693,
        92261.52003930847,
        101231.73574892255,
        110424.57551303631,
        119366.72928071907,
        128154.22042325401,
        136682.26472510674,
        145225.6934195817,
        154022.2689469036,
        161466.74578440993,
        168992.17377764522,
        175892.083741991,
        182019.33947845534,
        187060.80896835905,
        166655.63331367436,
        29379.256726664466,
        10.898287539478552,
        0.0,
        0.0,
        0.0,
        0.0
    ],
    "gain": 0.30676332929358785,
    "slope": 3.2598420492527316,
    "intercept": 678.4815802593331,
    "saturation_value": 61075.98343042203,
    "linearity_error": 0.30105165472417444,
    "residuals": [
        -0.10152230961578354,
        -0.1627805302227451,
        -0.09727123391937073,
        0.019113240698652695,
        0.1057570711226957,
        0.10787916474786043,
        0.13505928539605047,
        0.17144624867514352,
        0.17129955160725535,
        -0.009602180941225755,
        0.002410017621492265,
        -0.07758096670375951,
        -0.43065706077320537,
        0.05257951266367746,
        0.012347869699325977,
        -0.2625858708722215,
        -0.25379804864410666,
        -0.39102592784960866,
        -3.360700740933963,
        -8.203458726745742,
        -13.25950475712179,
        -18.315614395878292,
        -23.37172403463479,
        -33.483943312147815
    ],
    "exposures": [
        0.025,
        0.05,
        0.1,
        0.2,
        0.25,
        0.275,
        0.3,
        0.325,
        0.35,
        0.375,
        0.4,
        0.425,
        0.45,
        0.475,
        0.5,
        0.525,
        0.55,
        0.575,
        0.6,
        0.625,
        0.65,
        0.675,
        0.7,
        0.75
    ]
}