{
    "average": [
        1883.7920030302585,
        3793.9844354945735,
        7328.783982098619,
        14784.336573854252,
        20967.285420181077,
        25066.901808680843,
        26778.855192432464,
        29227.73013344933,
        32448.112921287015,
        34955.11339669104,
        35648.42566916362,
        40513.993174472096,
        42491.29142075616,
        44128.68491617023,
        46421.13494356052,
        44494.93189228943,
        45080.366332355195,
        51274.75629265218,
        51940.64776774655,
        55018.40970206146,
        55987.51738524095,
        60169.058670151586,
        60549.20902283384,
        62161.06251238646,
        62826.01183750885,
        64413.129967264365,
        62950.82062149788,
        63737.63998624956,
        63952.37609258878,
        65040.44255142592,
        65040.46539662469,
        65040.46539662469,
        65040.46539662469
    ],
    "variance": [
        4078.4050110460435,
        8203.156562132071,
        15645.53569949602,
        31326.131130408194,
        44406.6930941333,
        52999.41408276694,
        56706.37902850656,
        61724.04305811315,
        73485.38516181934,
        74270.8954584009,
        78489.6102397224,
        90389.6398293322,
        90449.91507092162,
        93483.90769943777,
        103566.91040687702,
        94608.26912849167,
        95578.31369776509,
        109408.96340516278,
        111343.95968176973,
        119552.78796283215,
        117910.79758882042,
        126652.25260910987,
        133151.27765756886,
        131076.745299662,
        132027.70498230087,
        76633.84748008005,
        131433.0581596027,
        500232.2478167809,
        112394.10023599037,
        6.515736449090802,
        0.0,
        0.0,
        0.0
    ],
    "gain": 0.46096462477044997,
    "slope": 2.169363864955966,
    "intercept": -389.50859075453747,
    "saturation_value": 63737.63998624956,
    "linearity_error": 5.926347260238196,
    "residuals": [
        -1.5860374495413645,
        -1.1462363417098858,
        -0.7644828390352127,
        0.6718404499118558,
        -0.11031212860748588,
        1.256062500466615,
        1.3502819241813204,
        2.729145289013636,
        2.5627894574547003,
        1.1528246469844414,
        -3.418865503179961,
        -0.7172409391573316,
        -0.16045712633181664,
        -0.19621477800448933,
        0.9099597021710121,
        -5.3380639188618,
        -7.207656954278842,
        0.7006030993130595,
        -1.0287326162430321,
        1.4464426390788978,
        0.24569081515269023,
        4.6450375661975505,
        2.4175815310281994,
        2.33730107572391,
        0.6063229502787341,
        0.4829223965305558,
        -4.956415100146429,
        -6.474942379948638,
        -8.990758020348846,
        -9.984134081027653,
        -12.874250197892815,
        -15.764406139819295,
        -27.325029907525195
    ],
    "exposures": [
        0.025,
        0.05,
        0.1,
        0.2,
        0.3,
        0.35,
        0.375,
        0.4,
        0.45,
        0.5,
        0.55,
        0.6,
        0.625,
        0.65,
        0.675,
        0.7,
        0.725,
        0.75,
        0.775,
        0.8,
        0.825,
        0.85,
        0.875,
        0.9,
        0.925,
        0.95,
        0.975,
        1.0,
        1.025,
        1.05,
        1.075,
        1.1,
        1.2
    ]
}