{
    "average": [
        1753.9837947534506,
        3538.1807135115605,
        7061.129029358854,
        14109.39297809514,
        17643.512475743188,
        21166.13069249882,
        24721.453136575437,
        28171.89003590598,
        31784.64652172791,
        35104.87700048661,
        38662.47192152294,
        42114.04632317595,
        45574.533618615074,
        49149.573185789486,
        52521.87662889289,
        54291.388243851005,
        56170.517399913006,
        57950.27473240091,
        59631.23708719181,
        61277.034877683735,
        63102.629592868936,
        64573.59260650142,
        64978.39543485313,
        65040.64754619116,
        65040.864932611774,
        65040.92386088829,
        65040.92386088829,
        65040.92386088829,
        65040.92386088829
    ],
    "variance": [
        3588.643369061134,
        6943.773955670616,
        13855.704540200613,
        27626.60741888414,
        34551.78110924293,
        41446.34089210953,
        48379.22198966997,
        55150.22382853971,
        62173.46715386288,
        68807.35137719658,
        75735.30983409547,
        82488.66976619897,
        89389.2382913126,
        96273.42451655312,
        102470.07619678935,
        105805.04213622131,
        109407.41262965092,
        112846.41305486481,
        116116.20710851529,
        119136.4714747579,
        122344.7731676943,
        49943.50211735634,
        12386.888321497705,
        77.54401095257458,
        18.995110552292697,
        0.0,
        0.0,
        0.0,
        0.0
    ],
    "gain": 0.5106920040934952,
    "slope": 1.9581273879058512,
    "intercept": 27.940791942439006,
    "saturation_value": 63102.629592868936,
    "linearity_error": 0.23565692411126346,
    "residuals": [
        -0.21072166555318145,
        -0.15122678192575262,
        -0.11225748989098061,
        -0.030150533939749848,
        0.028488975173368042,
        0.06687702872271314,
        0.16285068621772314,
        0.07414187498803512,
        0.2712453940291771,
        -0.04673088444995925,
        0.0532441505089796,
        -0.03346174661463117,
        -0.10447382022916483,
        0.02621774790516508,
        -0.20006845419334984,
        -0.16643145371198056,
        0.060220114750185384,
        0.11189777480804504,
        -0.01038276330961196,
        -0.19458106675980558,
        -0.062192942577392656,
        -0.5542403236817256,
        -2.923582574639828,
        -5.896088133131439,
        -8.977824436166012,
        -12.059839752303006,
        -15.141958829350175,
        -18.22407790639732,
        -21.306196983444515
    ],
    "exposures": [
        0.025,
        0.05,
        0.1,
        0.2,
        0.25,
        0.3,
        0.35,
        0.4,
        0.45,
        0.5,
        0.55,
        0.6,
        0.65,
        0.7,
        0.75,
        0.775,
        0.8,
        0.825,
        0.85,
        0.875,
        0.9,
        0.925,
        0.95,
        0.975,
        1.0,
        1.025,
        1.05,
        1.075,
        1.1
    ]
}