{
    "average": [
        4827.218796559809,
        5636.541919274213,
        7502.419180650584,
        9417.209878052377,
        14141.345061342457,
        18573.9638289268,
        26502.09784855344,
        31860.529160522594,
        37297.55818678483,
        38050.56851790138,
        41426.71182932494,
        47034.23195871918,
        48943.08243091601,
        55157.60247131945,
        58635.627890984426,
        62377.28941654624,
        62055.96238081721,
        64934.88019810959,
        64802.958971186745,
        65023.5609508818,
        65040.30062330423,
        65040.30062330423,
        65040.30062330423
    ],
    "variance": [
        25476.541731357833,
        29353.25525112158,
        39056.41374547328,
        49001.17561520652,
        74123.01265890953,
        96842.90839561739,
        138407.38231884947,
        166313.12715827033,
        196622.33371796267,
        198722.23240353123,
        216120.98440020956,
        256721.20731020623,
        255693.8149636244,
        288364.1456251647,
        302469.857071176,
        320635.50112522696,
        319514.04000565485,
        39239.0045540447,
        68671.557595175,
        8223.917486461705,
        0.0,
        0.0,
        0.0
    ],
    "gain": 0.18758914321999892,
    "slope": 5.330798908907164,
    "intercept": -1497.178616385163,
    "saturation_value": 62377.28941654624,
    "linearity_error": 4.374596587320132,
    "residuals": [
        -0.41188014862663735,
        -0.7051398212388825,
        -0.8512727190879343,
        -0.9102773323340128,
        -1.1697269705622815,
        -1.9484475351030588,
        3.4993061058420984,
        4.369712354110766,
        5.380122752088163,
        -1.9529926195040421,
        -2.8786998036295355,
        0.1702889291620245,
        -3.3690704225520993,
        0.7611521244597708,
        0.016925000704532036,
        -0.25769369778570417,
        -4.2998391019735465,
        -2.6414681039129078,
        -6.346229661123692,
        -9.423050415742066,
        -12.863006017780206,
        -16.332779581129074,
        -23.272326707826867
    ],
    "exposures": [
        0.025,
        0.03,
        0.04,
        0.05,
        0.075,
        0.1,
        0.125,
        0.15,
        0.175,
        0.2,
        0.22,
        0.24,
        0.26,
        0.28,
        0.3,
        0.32,
        0.33,
        0.34,
        0.35,
        0.36,
        0.37,
        0.38,
        0.4
    ]
}