{
    "average": [
        2325.662385130353,
        4595.950396587826,
        6885.6305003612715,
        9319.947740356258,
        11532.791014878494,
        13814.363743364398,
        16052.07831466763,
        18771.48025399611,
        23300.610717161144,
        28060.73876651528,
        32641.715194496875,
        34800.35219667925,
        36715.24032201103,
        39407.22145282824,
        41947.533151026306,
        44201.9595379409,
        46573.84522140793,
        48588.15820643358,
        51060.05947634039,
        53205.633580091715,
        55474.24651955291,
        58090.98114950749,
        60006.42670811461,
        62469.451517193585,
        64572.16303799988,
        65041.33008139672,
        65043.387387858325,
        65043.38739346172,
        65043.38739346172,
        65043.38739346172
    ],
    "variance": [
        4177.20824675215,
        8063.72360818506,
        12190.376165935859,
        16456.02568947148,
        20254.59766160227,
        24216.333765520933,
        28133.235931174197,
        32854.27728920992,
        40805.083221946654,
        49295.82347300502,
        57191.1508234441,
        61146.67633506106,
        64402.2766289436,
        69112.96805734803,
        73723.5916082349,
        77586.1363611318,
        81886.83684371396,
        85198.01425102474,
        89179.9085763328,
        92736.7580408562,
        96503.30645346853,
        101230.48037143893,
        104372.01252677775,
        109083.2356462556,
        64959.34317766141,
        773.3086010779351,
        0.0008517163463108711,
        0.0,
        0.0,
        0.0
    ],
    "gain": 0.569790576002783,
    "slope": 1.7550307816869117,
    "intercept": 15.969119417132058,
    "saturation_value": 62469.451517193585,
    "linearity_error": 0.555875223108034,
    "residuals": [
        0.014260488620488251,
        -0.07396195461609975,
        -0.12769270836820232,
        0.07583496617053734,
        -0.11456139397010297,
        -0.1827123075685842,
        -0.328871406888233,
        0.38172135201423174,
        0.18491885345683748,
        0.3989795503029009,
        0.2943927286481592,
        0.007582537385336274,
        -0.7127708959131669,
        -0.05095007957230119,
        0.3411043346213117,
        0.2246696582982675,
        0.3171536235400163,
        -0.22635806768537556,
        0.04401833406505238,
        -0.2660261440972743,
        -0.3572279493448481,
        0.17075589364321297,
        -0.5486060625558614,
        -0.29401775244641215,
        -0.6802996410621197,
        -3.9720807381097796,
        -8.094685231572386,
        -12.220948937317052,
        -16.347212653028183,
        -20.47347636873929
    ],
    "exposures": [
        0.025,
        0.05,
        0.075,
        0.1,
        0.125,
        0.15,
        0.175,
        0.2,
        0.25,
        0.3,
        0.35,
        0.375,
        0.4,
        0.425,
        0.45,
        0.475,
        0.5,
        0.525,
        0.55,
        0.575,
        0.6,
        0.625,
        0.65,
        0.675,
        0.7,
        0.725,
        0.75,
        0.775,
        0.8,
        0.825
    ]
}