{
    "average": [
        2141.996308098384,
        4202.93232183408,
        6264.678452872478,
        8675.489563524832,
        12592.41376437714,
        17569.179738631003,
        21981.63397491005,
        26242.55868110033,
        29497.006998938305,
        32823.96518233161,
        35080.50085654565,
        37261.36319603781,
        38811.94739165536,
        43967.741839315204,
        47727.40061552584,
        52621.66198378701,
        56824.72728187301,
        61323.885758301876,
        64973.66849482423,
        65043.8133791067,
        65043.81663162086,
        65043.81663162086,
        65043.81663162086,
        65043.81663162086
    ],
    "variance": [
        3668.406816065781,
        7024.976165798389,
        10414.181798800724,
        14242.299465995426,
        21360.753912613734,
        28883.898226943653,
        36117.95662356614,
        43049.473497728424,
        49006.96470488159,
        53995.69107102156,
        57678.34338819402,
        61311.77488570189,
        63798.17351749608,
        72225.01535562403,
        78611.32661213107,
        86059.63332597374,
        92918.58919468094,
        99752.96182108235,
        13331.07494359423,
        0.7578026513675254,
        0.0,
        0.0,
        0.0,
        0.0
    ],
    "gain": 0.6093558426333627,
    "slope": 1.6410772327683745,
    "intercept": 177.15273380305203,
    "saturation_value": 61323.885758301876,
    "linearity_error": 1.1855659221410892,
    "residuals": [
        0.3460837285180026,
        0.1055709582568421,
        -0.13347398209561706,
        0.25994259324498264,
        -0.5924224417315155,
        0.4755115322091554,
        0.5209841365857671,
        0.29190443159524954,
        -1.7607829661250747,
        0.29257602699779034,
        0.4064650585787872,
        0.38324359563616517,
        -0.7819620062596218,
        0.6103488781571039,
        -0.5269611803648345,
        0.39148490104791417,
        0.057571279497759996,
        0.26014098139133274,
        -1.0762505394888593,
        -4.923824598323798,
        -8.89848640681051,
        -12.873154108440724,
        -16.847821810070986,
        -24.797157213331467
    ],
    "exposures": [
        0.025,
        0.05,
        0.075,
        0.1,
        0.15,
        0.2,
        0.25,
        0.3,
        0.35,
        0.375,
        0.4,
        0.425,
        0.45,
        0.5,
        0.55,
        0.6,
        0.65,
        0.7,
        0.75,
        0.775,
        0.8,
        0.825,
        0.85,
        0.9
    ]
}