{
    "average": [
        2203.3706858263536,
        4294.970262216881,
        6592.204378723311,
        8802.009742022532,
        13194.27728858234,
        15271.508560074319,
        17484.049014170698,
        22105.152044097264,
        26622.733020415537,
        30592.125542681668,
        32274.78074775864,
        34960.15423764303,
        36977.376180916006,
        38694.146068258226,
        41977.533430348296,
        43675.450621534736,
        46025.73947029462,
        47986.67106822136,
        50249.84670431756,
        52431.319705969094,
        54348.6876217633,
        56568.54767097735,
        57927.24486079981,
        60939.517160847,
        63157.51494444526,
        64857.5276112938,
        65043.55061781143,
        65043.6249360033,
        65043.6249360033,
        65043.6249360033,
        65043.6249360033
    ],
    "variance": [
        3882.9699509379593,
        7354.4989743205515,
        11167.440271050007,
        14905.892374610805,
        22240.211079201104,
        25768.924246880208,
        29481.745440402978,
        37282.481819734494,
        44888.03057358635,
        51485.3825258796,
        54835.19421270998,
        58934.6049889573,
        62339.36507998838,
        65227.791218012884,
        70811.49663650761,
        73574.58781089207,
        77676.66858442684,
        80994.63217516903,
        84431.86557742865,
        87964.77181147106,
        91018.14222304807,
        94715.61953275665,
        98011.54518378078,
        101713.29271185923,
        105498.6951869911,
        29626.99428416718,
        18.75624542773864,
        0.0,
        0.0,
        0.0,
        0.0
    ],
    "gain": 0.5934747137744646,
    "slope": 1.6849917558240322,
    "intercept": 75.19861097686159,
    "saturation_value": 63157.51494444526,
    "linearity_error": 1.2323397465040447,
    "residuals": [
        -0.24483667354484728,
        -0.3807143427622896,
        -0.15482536781714462,
        -0.08274716139981576,
        0.0133052195064782,
        -0.14785017514815232,
        -0.07096020598606101,
        0.42767553876686454,
        0.7441880569957702,
        0.09628916224249226,
        -0.7590320050171475,
        0.14969886261377066,
        -0.11702913320019313,
        -0.9123333689034082,
        1.048465267053722,
        0.219994051630797,
        0.5392206168147031,
        0.1734627142390513,
        0.33943363185618247,
        0.36166756897562247,
        -0.08073060562617503,
        0.009036506455863487,
        -1.4162142259543673,
        0.06761985861027646,
        0.1541107429633361,
        -0.6706739653301084,
        -4.158975018718398,
        -7.974409990971315,
        -11.78997570897764,
        -15.605541426983965,
        -23.236672862996617
    ],
    "exposures": [
        0.025,
        0.05,
        0.075,
        0.1,
        0.15,
        0.175,
        0.2,
        0.25,
        0.3,
        0.35,
        0.375,
        0.4,
        0.425,
        0.45,
        0.475,
        0.5,
        0.525,
        0.55,
        0.575,
        0.6,
        0.625,
        0.65,
        0.675,
        0.7,
        0.725,
        0.75,
        0.775,
        0.8,
        0.825,
        0.85,
        0.9
    ]
}