{
    "average": [
        2025.7164868541347,
        4092.939903415123,
        8126.777202761885,
        12244.091729938362,
        16172.167409718946,
        19825.542769184263,
        24222.71517377905,
        28586.26365223546,
        31979.749090332665,
        36427.91226277722,
        40575.313436725846,
        44606.68107983367,
        49908.2158541126,
        54172.46969162882,
        58172.050015003835,
        62387.74244735755,
        64538.109872965084,
        65044.108558267966,
        65044.10883884334,
        65044.10883884334,
        65044.10883884334
    ],
    "variance": [
        2644.5383358960885,
        5336.407965272311,
        10532.85415434484,
        15877.679675583284,
        20837.644056905167,
        25566.975844033117,
        31190.51769651879,
        36741.19749047619,
        41315.879037037324,
        48059.97483401574,
        52767.297863297026,
        58051.65709526112,
        63892.782443557044,
        69000.41679672251,
        73856.25898901887,
        78738.63702276222,
        129203.18797247868,
        0.043847275314142016,
        0.0,
        0.0,
        0.0
    ],
    "gain": 0.7671265160766555,
    "slope": 1.303565942570123,
    "intercept": -132.31989081700482,
    "saturation_value": 64538.109872965084,
    "linearity_error": 1.2129952567640174,
    "residuals": [
        0.812331847711025,
        0.793158532889768,
        0.5815989425928578,
        0.5137567241695953,
        0.12011415861915403,
        -0.7464622730281744,
        -0.3324911911494535,
        0.02359174060360481,
        -1.2904204462375284,
        -0.7886618403152699,
        -0.8047058148940679,
        -1.0205172534293598,
        0.950436329803597,
        1.1355700672905067,
        0.8650324457029533,
        0.9665611365694403,
        -2.4876473448617187,
        -8.772859680779217,
        -15.929216912021177,
        -23.085574626311708,
        -30.24193234060224
    ],
    "exposures": [
        0.05,
        0.1,
        0.2,
        0.3,
        0.4,
        0.5,
        0.6,
        0.7,
        0.8,
        0.9,
        1.0,
        1.1,
        1.2,
        1.3,
        1.4,
        1.5,
        1.6,
        1.7,
        1.8,
        1.9,
        2.0
    ]
}