{
    "average": [
        2138.8075322195355,
        4357.46429393506,
        8345.2883791067,
        12874.733826125102,
        17311.50976764333,
        21653.043353264715,
        25571.356930812788,
        30337.68130573906,
        34649.61029108175,
        39037.02387541288,
        43384.8377868792,
        47721.281491609654,
        51873.47608433114,
        54731.97260539548,
        60567.65130817211,
        64456.55289555562,
        65043.8478619721,
        65043.851763632476,
        65043.851763632476,
        65043.851763632476,
        65043.851763632476
    ],
    "variance": [
        2994.198796703173,
        5986.214346983154,
        11400.890135484606,
        17754.872203742176,
        23486.546949557585,
        29288.657240755303,
        35540.66807219431,
        41033.06427345955,
        46892.719670201746,
        52816.672779841814,
        58630.590726206254,
        64547.956057735246,
        69704.92954841001,
        74145.06110832839,
        80793.57831464434,
        45382.754216114765,
        0.7659469987832372,
        0.0,
        0.0,
        0.0,
        0.0
    ],
    "gain": 0.7412085151752855,
    "slope": 1.3491480191151257,
    "intercept": 220.94444014083362,
    "saturation_value": 60567.65130817211,
    "linearity_error": 1.445093795768167,
    "residuals": [
        -0.18057190317822513,
        -0.048273070334398996,
        -0.6082619593341271,
        -0.17464865283007902,
        0.08896282101495108,
        0.17785257856469916,
        -0.5096530552507518,
        0.35851368547407175,
        0.39309392366950874,
        0.5661503531028708,
        0.6665613429886726,
        0.7461137346508564,
        0.48766187628213487,
        -2.144073856885478,
        0.6858190689010716,
        -0.05564274179411417,
        -6.853888531793963,
        -14.729517402386758,
        -22.605153430559717,
        -30.480789458732676,
        -38.356425486905636
    ],
    "exposures": [
        0.05,
        0.1,
        0.2,
        0.3,
        0.4,
        0.5,
        0.6,
        0.7,
        0.8,
        0.9,
        1.0,
        1.1,
        1.2,
        1.3,
        1.4,
        1.5,
        1.6,
        1.7,
        1.8,
        1.9,
        2.0
    ]
}