{
    "average": [
        4244.622588327238,
        8408.221652006901,
        12615.306929227616,
        16880.367087449864,
        21328.46571424885,
        25496.793589750207,
        29703.23395570367,
        34192.83206934942,
        38598.92470530553,
        42864.21972451192,
        46899.03820573316,
        51419.86758526749,
        55697.093922451924,
        59608.81573762091,
        61552.436973944205,
        63858.90945510646,
        64835.662249469155,
        65024.32386995694,
        65030.90065463902,
        65031.0552997449,
        65031.0552997449,
        65031.0552997449
    ],
    "variance": [
        52294.680932399955,
        103400.35452315517,
        154624.59591848054,
        207352.8654154601,
        262344.17549874325,
        312858.9280382372,
        366224.52027878293,
        421360.8261473443,
        476758.8949912524,
        530139.6470838712,
        577099.1554656414,
        632309.1661323283,
        684445.5923877491,
        732049.7084995622,
        754870.0688532667,
        571017.8426308003,
        128174.96271329826,
        4810.299676669404,
        86.20608005293575,
        0.0,
        0.0,
        0.0
    ],
    "gain": 0.08097630440852961,
    "slope": 12.34929165148052,
    "intercept": -777.9700857602126,
    "saturation_value": 61552.436973944205,
    "linearity_error": 0.29314634861093986,
    "residuals": [
        0.27984200925553254,
        0.03861237392544684,
        -0.12411831413133186,
        -0.1821959005190174,
        0.09013760028139228,
        -0.14255584116954242,
        -0.30645068796634717,
        0.0407954291458714,
        0.23730200017174416,
        0.17964837205748016,
        -0.2940489657706987,
        0.10957413371438432,
        0.07345827181595344,
        -0.6224464717877121,
        -0.9924932323794058,
        -0.7075406629011577,
        -2.8229257425912175,
        -6.360930141532083,
        -10.22762418165518,
        -14.105911118812125,
        -17.984477212902352,
        -21.86304330699258
    ],
    "exposures": [
        0.02,
        0.04,
        0.06,
        0.08,
        0.1,
        0.12,
        0.14,
        0.16,
        0.18,
        0.2,
        0.22,
        0.24,
        0.26,
        0.28,
        0.29,
        0.3,
        0.31,
        0.32,
        0.33,
        0.34,
        0.35,
        0.36
    ]
}