{
    "average": [
        1527.2222011029844,
        3074.3459135012386,
        6145.621677480241,
        12547.499309602454,
        15091.100109966674,
        18127.8948537587,
        21606.86166505692,
        24201.21146679987,
        27926.473344822756,
        32795.47571705055,
        36150.16470501062,
        39338.90673351422,
        42557.399144007315,
        45695.89968484576,
        49222.09042936032,
        52077.97349965347,
        55935.997060170164,
        57634.997901048424,
        59291.48135675947,
        60944.30547864811,
        62819.81773652235,
        64101.69673178159,
        64847.77665768402,
        65029.129076176716,
        65042.62432670756,
        65042.628485239475,
        65042.628485239475,
        65042.628485239475,
        65042.628485239475,
        65042.628485239475,
        65042.628485239475
    ],
    "variance": [
        2829.1423081297366,
        5659.961217657133,
        11268.36330889593,
        23046.375136164974,
        27527.342233761523,
        33076.767066043096,
        39611.88642934177,
        44235.38036508646,
        52008.05827313682,
        59817.49276746801,
        65997.96359864374,
        71753.99813029163,
        77591.26083735545,
        83871.15683501658,
        89798.99152840546,
        94771.0809894807,
        101465.50116291564,
        104463.88239526485,
        107430.46808948863,
        110270.19913725484,
        113660.60506933878,
        89228.52280233252,
        23566.310026226947,
        3285.8607020867207,
        1.0543665228201262,
        0.0,
        0.0,
        0.0,
        0.0,
        0.0,
        0.0
    ],
    "gain": 0.5470020977334318,
    "slope": 1.8281465539960795,
    "intercept": 63.02208617986665,
    "saturation_value": 62819.81773652235,
    "linearity_error": 1.9415118882963713,
    "residuals": [
        2.4599982317086164,
        2.2115683049399406,
        1.6740778534564773,
        1.0577740465399121,
        -0.41302938841416265,
        -1.0115073531261474,
        -0.8279036198464025,
        -2.208945923136265,
        -1.589713442257453,
        1.0524837926243793,
        1.0162739776463399,
        0.6865492860723035,
        0.40944489996772754,
        -0.009143270035422415,
        0.25798671148515356,
        -0.6604746243938727,
        0.19357703594735065,
        0.21377629509187346,
        0.15877390485750903,
        0.09729915189456777,
        0.4296989294882215,
        -0.28787650421709465,
        -1.953134247002439,
        -4.6172408098604265,
        -7.578240886775261,
        -10.563103023086533,
        -13.547972514705725,
        -16.53284200632489,
        -19.51771149794406,
        -22.50258098956325,
        -25.487450481182417
    ],
    "exposures": [
        0.025,
        0.05,
        0.1,
        0.2,
        0.25,
        0.3,
        0.35,
        0.4,
        0.45,
        0.5,
        0.55,
        0.6,
        0.65,
        0.7,
        0.75,
        0.8,
        0.85,
        0.875,
        0.9,
        0.925,
        0.95,
        0.975,
        1.0,
        1.025,
        1.05,
        1.075,
        1.1,
        1.125,
        1.15,
        1.175,
        1.2
    ]
}