{
    "average": [
        1885.4921970478943,
        3444.111606958535,
        7278.7792141972395,
        13987.838543522177,
        18039.647359841336,
        22002.65434845759,
        24295.45916033827,
        29206.39299125575,
        32294.89341788811,
        38970.75995203934,
        42727.279115806,
        46202.99824455143,
        48250.89289444969,
        51057.410683835675,
        53029.50839086647,
        55053.78232113365,
        57031.57637740356,
        59007.43133147045,
        60915.07201327858,
        62933.70494260204,
        64478.459682080924,
        64993.66893325321,
        65039.79945643358,
        65039.82582933969,
        65039.82582933969,
        65039.82582933969,
        65039.82582933969,
        65039.82582933969
    ],
    "variance": [
        4413.161709293902,
        8203.57886875037,
        16927.145104857627,
        32458.614475208382,
        44281.51627573452,
        51875.35515175834,
        60565.64902128827,
        69013.58753515188,
        81946.8610511613,
        89705.5025652237,
        98499.14865184027,
        108423.13112892366,
        111777.18803172203,
        117231.37107321732,
        121631.42885520845,
        126135.76131607182,
        130786.64769442673,
        135258.8008832829,
        139443.20354782464,
        143762.96443481615,
        75736.52294763165,
        10807.514055382806,
        6.986160553701424,
        0.0,
        0.0,
        0.0,
        0.0,
        0.0
    ],
    "gain": 0.4266695545420206,
    "slope": 2.34373413653426,
    "intercept": 773.2900917755685,
    "saturation_value": 62933.70494260204,
    "linearity_error": 3.0399262339430053,
    "residuals": [
        3.2875887145408544,
        2.475830616735444,
        2.1189538123022036,
        -0.2901921252029432,
        -0.2637004146100312,
        -0.3939906661432373,
        -3.4730667837960394,
        -1.929767266600435,
        -3.604021851150567,
        1.0553127679271426,
        0.5604628313907986,
        -0.43014695147434395,
        -0.3780767460873535,
        1.013362562389284,
        0.9316112718304972,
        0.9419784755295169,
        0.8702842393553764,
        0.7951664672471761,
        0.5996146035624497,
        0.6000224717478767,
        -0.23621406631885553,
        -2.8901402390497157,
        -6.372237241915288,
        -9.935732334540278,
        -13.4992739892245,
        -17.06281564390872,
        -20.626357298592943,
        -24.189898953277165
    ],
    "exposures": [
        0.025,
        0.05,
        0.1,
        0.2,
        0.25,
        0.3,
        0.35,
        0.4,
        0.45,
        0.5,
        0.55,
        0.6,
        0.625,
        0.65,
        0.675,
        0.7,
        0.725,
        0.75,
        0.775,
        0.8,
        0.825,
        0.85,
        0.875,
        0.9,
        0.925,
        0.95,
        0.975,
        1.0
    ]
}