{
    "average": [
        3104.0724997050843,
        6276.785622714404,
        12522.305451884511,
        18842.504699886456,
        22071.667037572253,
        25171.72775458594,
        28335.66712398254,
        31415.208856022175,
        34635.06907547629,
        37726.08392506931,
        40040.731345995046,
        44086.96676455409,
        47124.64845066061,
        50232.475152250205,
        53021.36132531408,
        56553.25017031379,
        59307.774706669516,
        62524.501391190875,
        64773.64880466999,
        65043.313497736526,
        65043.48831872272,
        65043.48831872272,
        65043.48831872272
    ],
    "variance": [
        11891.69350050959,
        23685.06841787176,
        47201.753968459365,
        71032.94739418721,
        83271.94273064507,
        94841.1094005671,
        106776.14159300947,
        118187.1576156438,
        130297.68418640355,
        141787.3156437376,
        150079.95143471705,
        164999.6735390704,
        176309.4794019889,
        186519.76406284593,
        196528.90160446765,
        207418.76095266757,
        216303.2519022316,
        225433.09088253998,
        59946.08101142692,
        62.61729010711609,
        0.0,
        0.0,
        0.0
    ],
    "gain": 0.2674145847638181,
    "slope": 3.7395118178883364,
    "intercept": 497.81417632187333,
    "saturation_value": 62524.501391190875,
    "linearity_error": 0.8187823077946278,
    "residuals": [
        -0.23504909027085513,
        -0.14980445611743753,
        -0.15685699520091773,
        -0.031198148844920635,
        0.15436131908559333,
        0.11049673404565326,
        0.18014969628113206,
        0.09982121039255601,
        0.26885005961501607,
        0.20891023434588532,
        -1.2306974924709062,
        0.4068671231183494,
        0.25214993981832756,
        0.2220861393652514,
        -0.3747608535060439,
        0.34876817582865016,
        -0.30914223297220655,
        -0.14568192952520967,
        -1.701688483093884,
        -6.775396411267574,
        -12.328009703799047,
        -17.880933667404936,
        -28.986781594616655
    ],
    "exposures": [
        0.025,
        0.05,
        0.1,
        0.15,
        0.175,
        0.2,
        0.225,
        0.25,
        0.275,
        0.3,
        0.325,
        0.35,
        0.375,
        0.4,
        0.425,
        0.45,
        0.475,
        0.5,
        0.525,
        0.55,
        0.575,
        0.6,
        0.65
    ]
}