{
    "average": [
        2154.940340332665,
        4316.4847185030085,
        6401.139153444615,
        8553.16041398785,
        12899.784785006488,
        17094.728652198595,
        21634.014533406567,
        26192.304047791084,
        31271.896971548013,
        33347.10702960953,
        35127.32665351835,
        37223.51715166775,
        40065.92866406895,
        42414.48982190781,
        43985.46477144037,
        46052.381814763474,
        49175.74349025304,
        50428.52983123451,
        53092.81757041111,
        54687.22492269524,
        57137.562948419254,
        58998.50484970361,
        59394.40650819865,
        64518.82863719476,
        64971.955279985545,
        65043.60854989973,
        65043.62158004748,
        65043.62158004748,
        65043.62158004748,
        65043.62158004748
    ],
    "variance": [
        3709.663758633202,
        7303.337869921329,
        10727.623413995449,
        14229.015241067136,
        21543.364289619145,
        28421.315572766922,
        35998.04174046486,
        43621.54574146823,
        51966.0525353331,
        55559.13862527442,
        58513.28171250627,
        61988.53786295897,
        67018.15058661632,
        70562.75933436255,
        73252.44517292267,
        76814.99192433448,
        81749.55972690434,
        83799.75245605232,
        87971.92152187292,
        90414.46200506907,
        94671.26663510235,
        97356.54483307379,
        98360.99123630719,
        67073.33728867024,
        13542.592556544827,
        3.337891030028779,
        0.0,
        0.0,
        0.0,
        0.0
    ],
    "gain": 0.600610989215846,
    "slope": 1.6649712009192403,
    "intercept": 43.61323547450371,
    "saturation_value": 59394.40650819865,
    "linearity_error": 1.0767281621374756,
    "residuals": [
        0.43382197964774577,
        0.32283906286207154,
        0.0680155468065681,
        -0.06078258597329474,
        -0.23871955468529868,
        -0.7004103363381411,
        -0.5179289470937185,
        -0.29989682299849274,
        0.8933550978192292,
        0.6208636687296227,
        -0.20347627325540477,
        -0.43671888841092305,
        0.7260192108217254,
        0.96489486501987,
        -0.2508861171381766,
        -0.5388915674331032,
        1.1494294380499268,
        -0.6615976609984102,
        0.16791831309091845,
        -1.0040268862250243,
        -0.5747538269350793,
        -1.2480838934467842,
        -4.6621139478663025,
        0.7696580568101666,
        -2.537319297494607,
        -6.557931702833544,
        -10.712563910855705,
        -14.867220494812852,
        -19.02187707877003,
        -27.331190246684407
    ],
    "exposures": [
        0.025,
        0.05,
        0.075,
        0.1,
        0.15,
        0.2,
        0.25,
        0.3,
        0.35,
        0.375,
        0.4,
        0.425,
        0.45,
        0.475,
        0.5,
        0.525,
        0.55,
        0.575,
        0.6,
        0.625,
        0.65,
        0.675,
        0.7,
        0.725,
        0.75,
        0.775,
        0.8,
        0.825,
        0.85,
        0.9
    ]
}