{
    "average": [
        3078.316710363336,
        3572.632323013743,
        4218.861447151115,
        4790.239510108234,
        6085.170496343046,
        7140.836083815029,
        9487.218158436062,
        11886.162145916893,
        14261.90782613985,
        15470.778479414887,
        16637.371339838683,
        17865.14905763389,
        19062.515292740653,
        20589.79429644184,
        21500.25998477498,
        22884.113911503184,
        24121.223555982364,
        26437.661388278575,
        28792.62466276395,
        31281.646679397192,
        32437.512770032146,
        35356.18513179044,
        36169.22993788339,
        38474.64145504011,
        40843.80022244013,
        43256.826905413174,
        45889.07338400967,
        48299.13176219477,
        50572.29202245783,
        53048.62468060634,
        55569.56084504394,
        57859.11490533207,
        60277.82573544591,
        64417.82895562994,
        64889.82218595169,
        64894.81204888964
    ],
    "variance": [
        426210.30848605995,
        489598.2797206709,
        572625.4206963128,
        644908.4944543656,
        812478.6821173524,
        947033.2885904273,
        1247675.168968176,
        1552330.41386235,
        1857151.876578849,
        2013967.603858106,
        2162443.18766015,
        2317156.285284018,
        2465988.603078556,
        2658880.278090676,
        2769529.651385112,
        2968580.4887939254,
        3114306.551714983,
        3399829.264903268,
        3672536.995508972,
        3999291.052289153,
        4149963.794761535,
        4528327.105610646,
        4632419.259352363,
        4926275.351233897,
        5233592.634963436,
        5542507.838638617,
        5869827.698348664,
        6154561.431585291,
        6426159.914907355,
        6713931.0197711205,
        7019842.46263534,
        7224268.934065795,
        6858941.903225203,
        1150507.265432944,
        8822.652261290916,
        13.344446008980244
    ],
    "gain": 0.00787394848581162,
    "slope": 127.00108488161176,
    "intercept": 41209.332455560965,
    "saturation_value": 57859.11490533207,
    "linearity_error": 0.5816253718819994,
    "residuals": [
        0.31177880433186933,
        0.10158730012326579,
        0.18312647796406298,
        0.12092366132064833,
        0.2887505974580504,
        -0.0029013981247930556,
        -0.13481986993856915,
        -0.16579983708401394,
        -0.24132921877782593,
        -0.23877026562630563,
        -0.3174004655877034,
        -0.27853288673178694,
        -0.2980667133860999,
        0.31595519872687633,
        -0.2545348356495936,
        0.08405735912776707,
        0.14084572270982473,
        -0.04857687860083049,
        -0.16401624158010564,
        -0.022012748432386663,
        -0.12124235285791479,
        0.8458502781762953,
        0.08827576300811972,
        -0.12232148172068985,
        -0.21050019625942087,
        -0.21443612814542307,
        0.20261182658913826,
        0.19297564084261007,
        -0.07955606302974257,
        0.03807912232705073,
        0.24136969925588508,
        0.0003202145481527357,
        0.007299968212556046,
        -3.6369686331933644,
        -14.325186424058733,
        -25.910225106974444
    ],
    "exposures": [
        0.005,
        0.006,
        0.007,
        0.008,
        0.01,
        0.012,
        0.016,
        0.02,
        0.024,
        0.026,
        0.028,
        0.03,
        0.032,
        0.034,
        0.036,
        0.038,
        0.04,
        0.044,
        0.048,
        0.052,
        0.054,
        0.058,
        0.06,
        0.064,
        0.068,
        0.072,
        0.076,
        0.08,
        0.084,
        0.088,
        0.092,
        0.096,
        0.1,
        0.11,
        0.12,
        0.13
    ]
}