{
    "average": [
        2211.354346761826,
        4428.912633559927,
        9077.84585650879,
        13513.206812146102,
        18070.48337833255,
        22334.473791546243,
        26889.217922798452,
        31954.89302642444,
        36229.14484004512,
        40909.59917515778,
        44566.57157112629,
        46923.3372087708,
        48639.89149168338,
        51873.58857559426,
        53853.181167239294,
        56543.627602556924,
        59385.10585580836,
        61355.967357629466,
        63156.8962577784,
        64254.067988159135,
        65034.85378638522,
        65043.554995502534,
        65043.74371807538,
        65043.74371807538,
        65043.74371807538
    ],
    "variance": [
        3277.0562962121267,
        6415.822382594231,
        12975.453200693899,
        19319.1668125216,
        25790.010756955693,
        32060.845904646623,
        38533.94700047879,
        45613.0039548163,
        52702.03638722417,
        58295.51321891797,
        63834.26445613768,
        67097.67390064005,
        69435.9819746452,
        75002.75205674747,
        76909.26395605835,
        79974.43950518772,
        83835.82664937573,
        86536.79550263124,
        88392.72310161949,
        153977.28211311076,
        4488.283951220232,
        46.5819069968243,
        0.0,
        0.0,
        0.0
    ],
    "gain": 0.6984888754679326,
    "slope": 1.4316620280173806,
    "intercept": 46.255200273195854,
    "saturation_value": 64254.067988159135,
    "linearity_error": 1.4959630205786558,
    "residuals": [
        -0.01932168721180658,
        -0.08191627291469702,
        0.16263621138305062,
        0.03786963672443185,
        0.12392518390250934,
        -0.2971832719255774,
        -0.21550692855776668,
        0.7496949225178624,
        0.34633095566104627,
        0.6453912074144442,
        -0.8254009256090776,
        -0.647271711065908,
        -1.5762256306726667,
        0.11833406700951973,
        -0.35576182316576216,
        0.39938368539220465,
        1.4157004104846447,
        0.926506315294132,
        0.14345689269810868,
        -1.856562031342796,
        -4.403690166711883,
        -8.285942742504696,
        -12.182915504394536,
        -16.080214614100374,
        -19.97751372380626
    ],
    "exposures": [
        0.05,
        0.1,
        0.2,
        0.3,
        0.4,
        0.5,
        0.6,
        0.7,
        0.8,
        0.9,
        1.0,
        1.05,
        1.1,
        1.15,
        1.2,
        1.25,
        1.3,
        1.35,
        1.4,
        1.45,
        1.5,
        1.55,
        1.6,
        1.65,
        1.7
    ]
}