{
    "average": [
        3658.866048240828,
        7289.852298683201,
        10965.661384518404,
        14490.112210282234,
        18384.45528005928,
        21648.535517503246,
        25594.27319589035,
        28974.46708708122,
        32415.292662498527,
        36875.17826136162,
        40591.90383139672,
        43344.063189217886,
        47556.84089075587,
        50632.917965561224,
        55292.19578753539,
        58917.80487790492,
        61933.934969734284,
        64809.44637740356,
        65040.026215863516,
        65041.48936401439,
        65041.48936401439,
        65041.48936401439
    ],
    "variance": [
        16160.856179035522,
        31933.071710965112,
        47905.772588131935,
        63401.7276108348,
        80416.02413721275,
        94585.71352865444,
        111973.14932769962,
        126540.31167045714,
        141877.8936204134,
        161159.23161321026,
        177237.14035231984,
        188997.00037757933,
        208208.65949666407,
        219421.80355177654,
        238149.82809344752,
        252804.03940494318,
        265766.39319890883,
        100918.33404302792,
        614.5468188743902,
        0.0,
        0.0,
        0.0
    ],
    "gain": 0.228963155536588,
    "slope": 4.367514929013115,
    "intercept": 100.07295165556003,
    "saturation_value": 61933.934969734284,
    "linearity_error": 0.8996969569622244,
    "residuals": [
        0.12897804215402203,
        0.08358978431881423,
        0.11861487412705055,
        -0.11790074247377794,
        0.30918007224814154,
        -0.39444723979091806,
        0.12483685687287525,
        -0.37047950109401234,
        -0.7570210200937171,
        0.6846579921760696,
        0.793088332666851,
        -0.8289385250116391,
        0.16942240889703836,
        -0.8714875302411514,
        0.9279063836832975,
        0.8728713590052025,
        -0.27558504701703385,
        -1.6763150773075435,
        -7.822122028858018,
        -14.378970359367905,
        -20.938443616210073,
        -27.49791687305227
    ],
    "exposures": [
        0.025,
        0.05,
        0.075,
        0.1,
        0.125,
        0.15,
        0.175,
        0.2,
        0.225,
        0.25,
        0.275,
        0.3,
        0.325,
        0.35,
        0.375,
        0.4,
        0.425,
        0.45,
        0.475,
        0.5,
        0.525,
        0.55
    ]
}