{
    "median": 3.757179793408882,
    "mean": 4.314794887553221,
    "rms": 4.907655983379705
}