{
    "median": 5.842080109002278,
    "mean": 7.1173614457380685,
    "rms": 8.58673793184323
}