{
    "median": 7.410802925459562,
    "mean": 8.74303440833478,
    "rms": 10.272407997661098
}