{
    "median": 4.112712000614676,
    "mean": 4.736093804283644,
    "rms": 5.4046151511511535
}