{
    "median": 4.441384919144032,
    "mean": 5.372361213581501,
    "rms": 6.427670587327664
}