{
    "median": 6.714305623070787,
    "mean": 7.903923826428319,
    "rms": 9.261076394362405
}