{
    "median": 5.914211697259405,
    "mean": 6.872152525458355,
    "rms": 7.927892005405955
}