{
    "median": 4.651623372544255,
    "mean": 5.63389585997808,
    "rms": 6.750553026116519
}