{
    "median": 5.15010679500921,
    "mean": 6.254356757155123,
    "rms": 7.517752837462448
}