{
    "median": 4.205841176269024,
    "mean": 5.079155089423948,
    "rms": 6.065315017648948
}