{
    "median": 3.6008887791766093,
    "mean": 4.130913783797464,
    "rms": 4.69283399756888
}