{
    "median": 6.405146368351003,
    "mean": 7.45538283867883,
    "rms": 8.619320962229635
}