{
    "median": 4.249423490310187,
    "mean": 5.13392751634065,
    "rms": 6.133765611048051
}