{
    "median": 4.886143673696054,
    "mean": 5.926200256779156,
    "rms": 7.112456293990953
}