{
    "median": 4.558716924749767,
    "mean": 5.263925821458969,
    "rms": 6.02657878117362
}