{
    "median": 5.15615166572901,
    "mean": 5.9708845779396365,
    "rms": 6.859881880647487
}