{
    "median": 4.828364112201982,
    "mean": 5.583585514383856,
    "rms": 6.403734948499838
}