{
    "median": 9.080947087171028,
    "mean": 10.764772328724067,
    "rms": 12.72235463992957
}