{
    "median": 3.9252388462359877,
    "mean": 4.5140731047775216,
    "rms": 5.142880232486131
}