{
    "median": 5.504280152753856,
    "mean": 6.384669288122219,
    "rms": 7.349630985984149
}