{
    "median": 5.4492109520553464,
    "mean": 6.626110138612711,
    "rms": 7.976584626917367
}