{
    "median": 8.276472678623428,
    "mean": 9.790400229125993,
    "rms": 11.540670462948857
}