{
    "median": 5.789740926846381,
    "mean": 7.04954620418774,
    "rms": 8.49972220833945
}