{
    "median": 4.322453007263356,
    "mean": 4.983900964080593,
    "rms": 5.696170973228753
}