{
    "median": 75.59533962443373,
    "mean": 90.71972235973202,
    "rms": 107.85330796257053
}