{
    "median": 5.869069970148113,
    "mean": 6.812580177921922,
    "rms": 7.780079373117847
}