{
    "median": 39.52609502113946,
    "mean": 47.46537421729822,
    "rms": 56.36023101272267
}