{
    "median": 7.175298575678549,
    "mean": 8.365888968436671,
    "rms": 9.605233923981148
}