{
    "median": 135.06183598129778,
    "mean": 164.1578321712903,
    "rms": 198.69810823058734
}