{
    "median": 25.548101649348215,
    "mean": 30.573860513722444,
    "rms": 36.15327578294819
}