{
    "median": 92.47338972165366,
    "mean": 111.31729535385776,
    "rms": 133.11779229335136
}