{
    "median": 12.864239511466721,
    "mean": 15.305496223778025,
    "rms": 18.013985687565615
}