{
    "median": 6.741192439726039,
    "mean": 7.8260844880465985,
    "rms": 8.98144887665822
}