{
    "median": 112.54579870024011,
    "mean": 136.03809512755507,
    "rms": 163.63335351668798
}