{
    "median": 15.932672646801192,
    "mean": 19.02295466789228,
    "rms": 22.49421349702763
}