{
    "median": 61.52576330426962,
    "mean": 73.7815821991473,
    "rms": 87.46635241585751
}