{
    "median": 48.63064317187917,
    "mean": 58.63919319467003,
    "rms": 69.89664305392296
}