{
    "median": 111.75530565261744,
    "mean": 135.3223378423665,
    "rms": 163.11227377217745
}