{
    "median": 75.07187171997415,
    "mean": 90.24952607214627,
    "rms": 107.5030001174091
}