{
    "median": 10.294062691447852,
    "mean": 12.2465813654853,
    "rms": 14.399565504598224
}