{
    "median": 5.724508487192775,
    "mean": 6.680763629345075,
    "rms": 7.674244951701056
}