{
    "median": 7.025848440967144,
    "mean": 8.229787954595592,
    "rms": 9.496184756136612
}