{
    "median": 25.296886533436506,
    "mean": 30.345955540024516,
    "rms": 35.98263350637726
}