{
    "median": 8.367063390206003,
    "mean": 9.913694963117479,
    "rms": 11.595190533454934
}