{
    "median": 159.95240744973873,
    "mean": 195.88957215291526,
    "rms": 239.05359228514388
}