{
    "median": 15.734189628749405,
    "mean": 18.842878391368266,
    "rms": 22.359068410548122
}