{
    "median": 4.367260028658356,
    "mean": 5.05830452839864,
    "rms": 5.7852046686970064
}