{
    "median": 39.20370503065297,
    "mean": 47.17429813494109,
    "rms": 56.14337246577574
}