{
    "median": 6.539744652606829,
    "mean": 7.643836959844275,
    "rms": 8.835873772419815
}