{
    "median": 61.093418282185546,
    "mean": 73.39341916608029,
    "rms": 87.17615545930106
}