{
    "median": 19.914191752770865,
    "mean": 23.866172535484086,
    "rms": 28.321536789194578
}