{
    "median": 30.857421076628043,
    "mean": 37.24752764017763,
    "rms": 44.51441067332268
}