{
    "median": 12.682387437643872,
    "mean": 15.14027559154578,
    "rms": 17.889047603358026
}