{
    "median": 134.0854879201774,
    "mean": 163.26200768681383,
    "rms": 198.0555376300242
}