{
    "median": 91.83150339631484,
    "mean": 110.7400109778707,
    "rms": 132.69199091843672
}