{
    "median": 4.657864014204975,
    "mean": 5.411827081251911,
    "rms": 6.184186322243772
}