{
    "median": 3.6020439570618192,
    "mean": 4.147565950803838,
    "rms": 4.711875385631157
}