{
    "median": 5.349346768499071,
    "mean": 6.223803916862478,
    "rms": 7.1555246467876366
}