{
    "average": [
        6855.179689320984,
        8289.525219125058,
        9719.250717020384,
        11161.084083706475,
        12621.144738666451,
        14037.385390853422,
        15485.426827085761,
        16930.984822802297,
        18372.496338384808,
        19803.459466113087,
        21244.498471811166,
        22696.38162148071,
        24140.44183045937,
        25538.25214547041,
        26974.63279758071,
        28432.184070863746,
        34181.8175108684,
        37061.86643751022,
        40012.71128486066,
        42921.845254643835,
        45788.70221993907,
        48619.76735218722,
        51455.80268013684,
        54338.47225063383,
        57280.317322284754,
        60124.963358130655,
        62636.416630853986,
        63236.05361535581,
        63254.02311566506,
        63254.04201393149
    ],
    "variance": [
        103967.32185651324,
        124765.99635933753,
        145737.35674908842,
        168245.53731167022,
        189885.18114819023,
        207852.3780193878,
        228677.10616384103,
        249880.60458423154,
        271602.53039111814,
        292696.5383337862,
        314969.5804870486,
        335610.3686251719,
        356724.36534011626,
        386442.7029469501,
        399036.867950196,
        420390.1081634571,
        503552.5386176384,
        545604.9239287028,
        592924.1238085091,
        633967.6043318801,
        671896.7398583378,
        712539.7835023958,
        756502.8636069726,
        836486.1989022782,
        839670.4813156035,
        874165.2745532552,
        384501.9044653982,
        14239.366324335422,
        10.13423721071444,
        0.0
    ],
    "gain": 0.06814406574482217,
    "slope": 14.674792134427108,
    "intercept": 3190.4317352904527,
    "saturation_value": 60124.963358130655,
    "linearity_error": 0.09978929140113156,
    "residuals": [
        0.020623366931831026,
        0.009571957572310623,
        -0.01001728449560688,
        -0.00723114902663485,
        0.0292390693845656,
        -0.015270207659383948,
        -0.0010115412047375207,
        0.008657719790388317,
        0.010849073462677458,
        -0.006453024992948042,
        -0.005134870992427288,
        0.01622329332029451,
        0.023124639969063377,
        -0.05544395499200118,
        -0.06273445227670504,
        -0.03090157866796774,
        -0.05246673885096462,
        -0.053580185510922404,
        0.07613743986179175,
        0.12877323943259292,
        0.10328100896826889,
        0.011645364579883114,
        -0.0708053433696702,
        -0.06707583239087611,
        0.046010180721746605,
        -0.020527913425279345,
        -0.7028072248137195,
        -4.918128723010989,
        -10.208373462007245,
        -15.531790966967826
    ],
    "exposures": [
        0.025,
        0.03,
        0.035,
        0.04,
        0.045,
        0.05,
        0.055,
        0.06,
        0.065,
        0.07,
        0.075,
        0.08,
        0.085,
        0.09,
        0.095,
        0.1,
        0.12,
        0.13,
        0.14,
        0.15,
        0.16,
        0.17,
        0.18,
        0.19,
        0.2,
        0.21,
        0.22,
        0.23,
        0.24,
        0.25
    ]
}