{
    "average": [
        2457.2168747699807,
        4964.796986207804,
        9982.822416343362,
        15002.157299397863,
        20025.909680094665,
        25050.556373156014,
        30048.902397628757,
        35105.8890433637,
        40126.44845225955,
        45143.47518653903,
        50159.579719095665,
        62884.50984973369,
        62896.552151252836,
        63482.31111164356,
        63482.31111164356,
        63482.31111164356
    ],
    "variance": [
        6445.473617150038,
        12883.77539456919,
        25364.206473103695,
        38071.77259885562,
        50800.95268624755,
        63665.66973779185,
        76460.08320069697,
        89236.64474771825,
        101839.792444114,
        114854.32785999546,
        127423.71792068119,
        87905.1956394398,
        86296.27661895756,
        0.0,
        0.0,
        0.0
    ],
    "gain": 0.39428327042392264,
    "slope": 2.536247604228369,
    "intercept": 145.3319882601054,
    "saturation_value": 50159.579719095665,
    "linearity_error": 0.03771577395591823,
    "residuals": [
        0.02284697089151105,
        0.014236795310712758,
        0.0033633147567919703,
        -0.004609528080735597,
        -0.0027969406153252907,
        0.0009966849900133845,
        -0.05346967735133061,
        0.021961870560505838,
        0.01670153902346688,
        0.00361579499261758,
        -0.011512766355837095,
        17.049581845643303,
        5.9496930515840365,
        -3.8793259348100606,
        -15.005890261432034,
        -26.13245458805402
    ],
    "exposures": [
        0.05,
        0.1,
        0.2,
        0.3,
        0.4,
        0.5,
        0.6,
        0.7,
        0.8,
        0.9,
        1.0,
        1.1,
        1.2,
        1.3,
        1.4,
        1.5
    ]
}