{
    "average": [
        3509.5755802868593,
        7096.174043472316,
        14273.729750691335,
        21436.418815395686,
        28484.252510274182,
        35716.17989576305,
        42791.66947427238,
        46322.467054472334,
        49809.01267069328,
        53276.45665179849,
        56657.769808726414,
        59923.71002649691,
        62813.46489753292,
        63457.567753794036,
        63462.1661467598,
        63462.1661467598
    ],
    "variance": [
        13183.379461820403,
        26101.358986869076,
        52146.50272111875,
        77854.39405733586,
        103310.97697654788,
        128411.3842421128,
        151305.0268688166,
        162557.03978193956,
        170832.19717995767,
        177167.40313847296,
        181098.88133393155,
        180380.27287794492,
        99988.33648974016,
        1295.2345670294671,
        0.0,
        0.0
    ],
    "gain": 0.27884637200252377,
    "slope": 3.586204090871045,
    "intercept": 778.9799371218335,
    "saturation_value": 56657.769808726414,
    "linearity_error": 0.23149278452913008,
    "residuals": [
        -0.13232392678056357,
        -0.07873512424644032,
        0.03699045199606526,
        0.1235611713871108,
        -0.015110080473291465,
        0.20724337056793313,
        0.12280785670701125,
        0.06696598220545105,
        -0.07565807421315904,
        -0.25574219849032703,
        -0.6047368112593874,
        -1.1799883964651414,
        -2.492974135353531,
        -8.209890550879896,
        -15.180934188800368,
        -22.160995699352902
    ],
    "exposures": [
        0.05,
        0.1,
        0.2,
        0.3,
        0.4,
        0.5,
        0.6,
        0.65,
        0.7,
        0.75,
        0.8,
        0.85,
        0.9,
        0.95,
        1.0,
        1.05
    ]
}