{
    "average": [
        4331.7951858298065,
        5234.63525233086,
        6128.941778896778,
        7040.572988132297,
        7960.525898256201,
        8862.298534363563,
        9769.449328120845,
        10663.826961199626,
        11564.268546049807,
        12481.053067591089,
        14276.017091179538,
        16110.198212273048,
        17895.693900151302,
        22329.583515016406,
        26988.21075380426,
        36086.646142421385,
        40659.919713683834,
        45179.1947397846,
        49664.055319445295,
        54243.916055838396,
        58743.80138564094,
        62887.46450950362,
        63356.044201092845,
        63356.12212262186
    ],
    "variance": [
        41794.160129063195,
        50001.65394100707,
        58131.4625074173,
        66329.74956309045,
        74877.19168650318,
        84126.18645956682,
        91398.50906593057,
        99388.91807659924,
        109528.43300907697,
        115895.40380480367,
        132286.43337079947,
        148928.7458153696,
        165692.67405825027,
        207181.81830791495,
        250551.81107408274,
        349870.75317263074,
        377933.85831849085,
        416139.4512743857,
        456680.1225482846,
        499109.57750083384,
        538590.1315614592,
        211201.47406477857,
        37.187725596734985,
        0.0
    ],
    "gain": 0.10505143421457944,
    "slope": 9.51914657307188,
    "intercept": -1660.0048284732957,
    "saturation_value": 58743.80138564094,
    "linearity_error": 0.16842059691991051,
    "residuals": [
        0.043496731228572845,
        0.03446988010271769,
        0.00930224336989331,
        0.016903421314721775,
        0.040244701367902605,
        0.02919885633495593,
        0.028325541136953757,
        0.0032923989970096088,
        -0.010271066289352163,
        0.007077357197806689,
        -0.03124535719908527,
        0.00460920627091367,
        -0.05162241555650626,
        -0.24866058037526098,
        -0.020618200293640962,
        0.021580642836443908,
        0.08818061346456003,
        0.05264489982004602,
        -0.04798410523624848,
        0.031075175471837628,
        -0.04113522808013335,
        -0.7871230204086909,
        -8.484356628534135,
        -17.067739089832664
    ],
    "exposures": [
        0.025,
        0.03,
        0.035,
        0.04,
        0.045,
        0.05,
        0.055,
        0.06,
        0.065,
        0.07,
        0.08,
        0.09,
        0.1,
        0.125,
        0.15,
        0.2,
        0.225,
        0.25,
        0.275,
        0.3,
        0.325,
        0.35,
        0.375,
        0.4
    ]
}