{
    "average": [
        1917.4615285530272,
        3876.5436709309633,
        7865.888503234322,
        11797.023187546005,
        15775.017672904016,
        19803.85267099997,
        23792.642866982562,
        27756.088985858943,
        31702.466944638258,
        35694.42392242481,
        39453.66011722664,
        43662.80249810234,
        47662.709767693574,
        51567.1467576903,
        55508.552318751405,
        57491.618112847325,
        59427.30203423066,
        61043.93953755316,
        62230.65309647125,
        63002.85143221979,
        63367.49445021622,
        63521.09992208106,
        63562.78335627134,
        63573.60250519459,
        63574.95825400872
    ],
    "variance": [
        309842.01791350683,
        591341.8909632989,
        1172815.066365236,
        1769263.9421025815,
        2374778.071233573,
        2980458.011869882,
        3586643.646258816,
        4160594.2725472376,
        4710326.2686060425,
        5323220.088425726,
        5924987.631778743,
        6622302.9058377175,
        7244323.755531536,
        7825926.768471705,
        8322765.086350136,
        8222868.530114775,
        7406027.668228039,
        5579527.142852938,
        3343389.318551869,
        1473573.1832721941,
        513362.5809277707,
        121802.42081651647,
        25197.38807550576,
        2887.7754261376253,
        443.80708184834754
    ],
    "gain": 0.006702930725174994,
    "slope": 149.1884730725593,
    "intercept": 15189.80605846407,
    "saturation_value": 55508.552318751405,
    "linearity_error": 0.26072367414952385,
    "residuals": [
        0.052786855493540806,
        -0.0033696532969190907,
        0.026798971988332282,
        -0.05955128046901486,
        -0.05210257144733988,
        0.0571132639683584,
        0.08617167730809111,
        0.06449901498966702,
        0.008661126705397605,
        0.0440584667543834,
        -0.38637988330069944,
        0.08375607712837936,
        0.13506746499834824,
        -0.004723389952208577,
        -0.07051449467391266,
        -0.07866308253020668,
        -0.18165565935220743,
        -0.9232813931550414,
        -2.5254831131903286,
        -4.957417281558278,
        -8.205152300480588,
        -11.875319814168572,
        -15.769520948701704,
        -19.725502923959656,
        -23.70042772617113
    ],
    "exposures": [
        0.005,
        0.01,
        0.02,
        0.03,
        0.04,
        0.05,
        0.06,
        0.07,
        0.08,
        0.09,
        0.1,
        0.11,
        0.12,
        0.13,
        0.14,
        0.145,
        0.15,
        0.155,
        0.16,
        0.165,
        0.17,
        0.175,
        0.18,
        0.185,
        0.19
    ]
}