{
    "average": [
        3426.300822765237,
        4144.663253695639,
        4859.591153277004,
        5572.70416136345,
        6305.7074678228955,
        7026.794931850478,
        7734.855298871373,
        8454.883913492404,
        9885.773609247532,
        11325.592245611748,
        12742.62387255541,
        14191.606258402084,
        21369.835321304614,
        28550.888294076754,
        35742.56970026605,
        42942.28572786323,
        46558.83369979835,
        50129.14639560204,
        53720.91329762289,
        57218.390185376156,
        60829.50223086497,
        63287.71259194371,
        63392.95390569093,
        63392.961698287894
    ],
    "variance": [
        26319.79757174932,
        31585.870893703286,
        36620.18047102246,
        41868.181291311455,
        47062.688048449694,
        52277.666215204845,
        57435.744652656,
        62669.24222420077,
        72999.57577504209,
        83333.46057790541,
        93510.86159586244,
        104055.72698717128,
        157193.5475973869,
        209649.8068690205,
        261236.95511198582,
        313790.7200825588,
        338269.33539915446,
        363958.6876790117,
        390350.47759358404,
        413857.53449495655,
        437008.90689296386,
        47440.38661129926,
        3.079529667622593,
        0.0
    ],
    "gain": 0.13726885376933134,
    "slope": 7.284973776210116,
    "intercept": 1120.2018139324925,
    "saturation_value": 60829.50223086497,
    "linearity_error": 0.10369851895300582,
    "residuals": [
        0.003160348479205348,
        0.0034449631958958825,
        -0.0025439337937748015,
        -0.011847909867624063,
        0.01517971421148873,
        0.020441871800271922,
        0.0019087463457762666,
        0.005236810612298605,
        -0.0048524688314613065,
        0.001367846177086149,
        -0.034034568620831734,
        -0.01107575749447692,
        -0.01808456229006877,
        -0.019935215994787026,
        -0.0023719832950154355,
        0.029867281251906234,
        0.07647277523617171,
        0.038624957667869296,
        0.03996537283812836,
        -0.13092426266983992,
        -0.09424802677934192,
        -2.163460914730443,
        -8.530604834022476,
        -15.089968203290644
    ],
    "exposures": [
        0.025,
        0.03,
        0.035,
        0.04,
        0.045,
        0.05,
        0.055,
        0.06,
        0.07,
        0.08,
        0.09,
        0.1,
        0.15,
        0.2,
        0.25,
        0.3,
        0.325,
        0.35,
        0.375,
        0.4,
        0.425,
        0.45,
        0.475,
        0.5
    ]
}