{
    "average": [
        2412.257884828201,
        4913.123288434899,
        7390.460958585076,
        9909.852408810239,
        12403.658029676288,
        14921.690844732053,
        17425.55449469934,
        19888.672148626785,
        22545.52178478143,
        25047.538369088514,
        27578.23559978736,
        30109.451446851548,
        32461.270685546115,
        35025.38798578738,
        37503.70408705453,
        40024.94909813378,
        42456.33689134413,
        44704.478842403754,
        47536.28866485463,
        49913.5657619891,
        52487.898571038815,
        54830.05085790703,
        57304.86362524024,
        59638.0632568584,
        61491.88806948875,
        62647.103800904486,
        63272.46058314293,
        63493.96791713948,
        63546.38977766746,
        63557.016868668084
    ],
    "variance": [
        490969.78402415034,
        955306.4100258602,
        1415126.8558161976,
        1888948.730093531,
        2373317.9868387813,
        2869493.281356802,
        3347654.2351997206,
        3822560.2708851947,
        4329027.942993285,
        4814192.775982676,
        5287608.228998972,
        5719362.50911205,
        6125985.696688176,
        6600359.663073919,
        7110770.49760793,
        7620635.562495194,
        8133816.5823664395,
        8619263.691870308,
        9283353.104190256,
        9635311.957379928,
        10047266.839879926,
        10349051.911711948,
        10170779.820056709,
        8656747.175413392,
        5528529.35706802,
        2632582.8379851845,
        803962.5235829286,
        163969.60941967554,
        27607.750970178036,
        3389.464120008068
    ],
    "gain": 0.005300308480598429,
    "slope": 188.66826405679228,
    "intercept": 42511.73590415922,
    "saturation_value": 54830.05085790703,
    "linearity_error": 0.42293262161300327,
    "residuals": [
        -0.05684835162617949,
        -0.05929513188891766,
        -0.10942001139425749,
        -0.0743244295386704,
        -0.09107760369021795,
        -0.05873524677066829,
        -0.05510618943528625,
        -0.1340474165055801,
        0.17960219787358306,
        0.17948824358324011,
        0.23749457986553657,
        0.2965518734183788,
        -0.007931558846642574,
        0.11779933727405968,
        0.06965721297050927,
        0.108508968726848,
        -0.03473167124777153,
        -0.5493133698076278,
        0.11888672182641567,
        -0.13400728286178606,
        0.012424971665711201,
        -0.3116481881606993,
        -0.36688969172622377,
        -0.7091050829871095,
        -2.0227561731580237,
        -4.752113249946205,
        -8.555210286010109,
        -13.176693594084824,
        -18.140822486759266,
        -23.189646965306
    ],
    "exposures": [
        0.005,
        0.01,
        0.015,
        0.02,
        0.025,
        0.03,
        0.035,
        0.04,
        0.045,
        0.05,
        0.055,
        0.06,
        0.065,
        0.07,
        0.075,
        0.08,
        0.085,
        0.09,
        0.095,
        0.1,
        0.105,
        0.11,
        0.115,
        0.12,
        0.125,
        0.13,
        0.135,
        0.14,
        0.145,
        0.15
    ]
}