{
    "average": [
        961.5890306168087,
        1945.1242398191027,
        3911.9151917016807,
        7882.256645409076,
        11876.87159900913,
        15844.348951049398,
        19830.54844388942,
        23863.715861664008,
        27851.639523113077,
        31810.237825924167,
        35857.200917328606,
        39729.1300924932,
        43820.79734644314,
        47787.4913885034,
        51842.60646561088,
        55822.26462828288,
        57630.09971675714,
        59599.14555529785,
        61256.11931329101,
        62775.47524905948,
        63351.67836642412,
        63530.364388264425,
        63571.80817401322,
        63576.077538355676
    ],
    "variance": [
        82537.80448456289,
        152110.68138569978,
        295728.0398485709,
        578775.4284830103,
        876714.7317608098,
        1178913.590748278,
        1465186.2329933813,
        1770305.4470287487,
        2051388.2733271464,
        2348837.0423349626,
        2651713.79969584,
        2951676.026847689,
        3280663.4405285055,
        3546166.5278693475,
        3833726.5536739063,
        4150795.057061827,
        4251086.605475992,
        4105511.768665323,
        3262411.8232709826,
        1411249.6900150194,
        401750.6214239744,
        75975.7811166239,
        6696.911922990342,
        544.073092112217
    ],
    "gain": 0.013540734627983655,
    "slope": 73.85123684008786,
    "intercept": 4653.262759334788,
    "saturation_value": 57630.09971675714,
    "linearity_error": 0.13258802333912045,
    "residuals": [
        0.13170682161314035,
        0.10382871280498554,
        0.04753368238197389,
        0.005816211694578183,
        0.01089816625344138,
        -0.03634130630682471,
        -0.047484400813548,
        0.031926891219259415,
        0.02410800213357315,
        -0.04025032030397123,
        0.0657590972408921,
        -0.16569772266867946,
        0.026501536575843018,
        -0.02224816141612106,
        0.09947832400956141,
        0.07572351328706667,
        -0.28703919093362296,
        -0.3389867889689443,
        -0.9926108683363306,
        -1.9115627748501,
        -4.648917878919944,
        -8.152687866643497,
        -11.921061549631267,
        -15.761107696967928
    ],
    "exposures": [
        0.005,
        0.01,
        0.02,
        0.04,
        0.06,
        0.08,
        0.1,
        0.12,
        0.14,
        0.16,
        0.18,
        0.2,
        0.22,
        0.24,
        0.26,
        0.28,
        0.29,
        0.3,
        0.31,
        0.32,
        0.33,
        0.34,
        0.35,
        0.36
    ]
}