{
    "average": [
        5445.150719352521,
        6594.215557623596,
        7734.657874189822,
        8893.212276594031,
        9970.48577725342,
        11177.786387538592,
        12306.431498388589,
        13414.56111023789,
        14587.308348572093,
        15741.258818769296,
        16912.628942493968,
        17894.978538618914,
        19086.93664241244,
        20262.318613585943,
        21419.592767435443,
        22561.90073842493,
        28222.823790036087,
        33932.035289389474,
        39751.586661133435,
        45493.51755348581,
        51119.63339981522,
        56833.8280559304,
        62369.874222088474,
        63310.458745450735,
        63310.4866291544,
        63310.4866291544
    ],
    "variance": [
        65892.28124680763,
        79084.75781887438,
        92088.44403496114,
        105414.92428714187,
        118014.8623601669,
        131557.10480843834,
        144507.68421865645,
        157352.5239723443,
        170835.1900918858,
        183879.87695879792,
        197606.63885500244,
        209424.9189536254,
        223369.25500354153,
        237583.51397686737,
        251399.33637293978,
        264148.77437755815,
        330892.9804901519,
        395915.6519616639,
        466400.61442267586,
        529336.0822479262,
        595186.5227703213,
        700252.0156692519,
        451369.0738836451,
        13.806718287214734,
        0.0,
        0.0
    ],
    "gain": 0.08578817504750742,
    "slope": 11.656618169651285,
    "intercept": 1387.495742319415,
    "saturation_value": 56833.8280559304,
    "linearity_error": 0.1763090268155535,
    "residuals": [
        0.026029054351455742,
        0.03901222645323757,
        0.035138220357154984,
        0.06667365351295096,
        -0.06069647387333428,
        0.06613863388430025,
        0.03920088775918841,
        -0.02784501167776331,
        0.03143765976800635,
        0.05397232629416061,
        0.11056271499871856,
        -0.20238527797578743,
        -0.10554503422482944,
        -0.04111141477379599,
        -0.012078889556424062,
        -0.012305509174965994,
        -0.11239532814968434,
        -0.11808040146499808,
        0.09195087304530654,
        0.1502327756553196,
        -0.017905728157624968,
        -0.013848644317904618,
        -0.35807492162044696,
        -9.68650772988273,
        -20.85374494161677,
        -32.02103666647091
    ],
    "exposures": [
        0.025,
        0.03,
        0.035,
        0.04,
        0.045,
        0.05,
        0.055,
        0.06,
        0.065,
        0.07,
        0.075,
        0.08,
        0.085,
        0.09,
        0.095,
        0.1,
        0.125,
        0.15,
        0.175,
        0.2,
        0.225,
        0.25,
        0.275,
        0.3,
        0.325,
        0.35
    ]
}