{
    "average": [
        764.1597906635282,
        1536.0465798089308,
        3093.4813323276394,
        6218.367383112003,
        9379.169079661975,
        12536.255104217782,
        15683.699632193206,
        18814.535536723815,
        22030.058714717637,
        25183.044751349444,
        28343.911391372243,
        31472.614110133105,
        34647.572457714836,
        37778.35185896895,
        40956.73554550926,
        44110.650002236296,
        47264.93571527608,
        50427.85590944407,
        53552.52555709328,
        56711.0284209578,
        59823.83281987978,
        62362.0978418466,
        63434.33804619932,
        63563.81933006323,
        63569.09604971095
    ],
    "variance": [
        53432.63145824718,
        97121.28868705113,
        184214.86435977413,
        362705.62575179123,
        546556.0834699919,
        732421.8184375793,
        915400.2251372631,
        1108935.8510085638,
        1294727.6103078465,
        1473626.1626857363,
        1658305.2386539243,
        1844503.7096504925,
        2031072.6162136141,
        2219667.5943095726,
        2425059.3830271913,
        2614723.337037641,
        2779126.8653220944,
        2954564.542818469,
        3151845.9097640333,
        3341229.8107726905,
        3305442.9613463813,
        1753119.658552412,
        212023.57616502023,
        6911.368468960471,
        33.51958957779512
    ],
    "gain": 0.017082929073705087,
    "slope": 58.53797060711625,
    "intercept": 2545.7186093542155,
    "saturation_value": 56711.0284209578,
    "linearity_error": 0.059972211018278855,
    "residuals": [
        0.11750851923976127,
        0.08375671010955081,
        0.04301875436326376,
        -0.01883223480948758,
        -0.010315476854329528,
        -0.009078651132659822,
        -0.026731932461569956,
        -0.07692566767329395,
        0.038804180472007774,
        0.03200810278032474,
        0.04065210126746216,
        -0.013721079242342492,
        0.022532104405455507,
        -0.027772334879321285,
        0.015191945855188495,
        0.010214875704538214,
        0.005965189672403595,
        0.018632615156942634,
        -0.043642361967809316,
        -0.03962959311406215,
        -0.12515156480757822,
        -1.3363401013307061,
        -5.419838503096343,
        -11.350437796559323,
        -17.524384945270004
    ],
    "exposures": [
        0.005,
        0.01,
        0.02,
        0.04,
        0.06,
        0.08,
        0.1,
        0.12,
        0.14,
        0.16,
        0.18,
        0.2,
        0.22,
        0.24,
        0.26,
        0.28,
        0.3,
        0.32,
        0.34,
        0.36,
        0.38,
        0.4,
        0.42,
        0.44,
        0.46
    ]
}