{
    "average": [
        1202.2875827429511,
        2429.3848264123167,
        4900.705999119538,
        9867.664623554714,
        14902.068805651823,
        19927.813343083584,
        24957.990210390722,
        29947.32215207707,
        34987.35522810858,
        39973.709523010846,
        44953.10761800615,
        47419.320918025056,
        49906.962482301315,
        52538.06341662578,
        55099.96615902748,
        57418.77534375064,
        59780.84206178822,
        61959.58104256757,
        63114.46584933243,
        63511.74902315397,
        63573.3797703388,
        63581.53190616118,
        63581.881614388454
    ],
    "variance": [
        132219.0694718898,
        236887.77389611208,
        458566.42494244035,
        920219.871570281,
        1395649.6734036915,
        1866986.6403425646,
        2344898.6072546425,
        2794733.5956688076,
        3273974.849123368,
        3762608.6114189248,
        4263816.613531785,
        4477021.518555195,
        4682001.391251253,
        4921912.576324614,
        5230557.864632481,
        5335477.189322605,
        4943492.12716962,
        2973871.531978921,
        950358.5671500505,
        131380.75062207197,
        13753.360578357246,
        486.8495960817932,
        15.042238393713362
    ],
    "gain": 0.010687237676893365,
    "slope": 93.56954811270619,
    "intercept": 5450.686487829843,
    "saturation_value": 57418.77534375064,
    "linearity_error": 0.12271830368026465,
    "residuals": [
        0.1225244064186528,
        0.07407681732579388,
        0.01032349961255941,
        -0.07012868778874196,
        -0.020066930814500013,
        0.013237541894547395,
        0.05511901915159786,
        0.017961453137417097,
        0.07891568658181385,
        0.035996074256197816,
        -0.020384485227305762,
        -0.0940220508440472,
        -0.1261937677629883,
        0.11924283959754099,
        0.2307739788356604,
        -0.1281053902644943,
        -0.4032770773091173,
        -1.0332063930614463,
        -3.644396615362889,
        -7.721622271404827,
        -12.448369165882653,
        -17.278602557479005,
        -22.12393443200656
    ],
    "exposures": [
        0.005,
        0.01,
        0.02,
        0.04,
        0.06,
        0.08,
        0.1,
        0.12,
        0.14,
        0.16,
        0.18,
        0.19,
        0.2,
        0.21,
        0.22,
        0.23,
        0.24,
        0.25,
        0.26,
        0.27,
        0.28,
        0.29,
        0.3
    ]
}