{
    "average": [
        2844.6655097349158,
        5690.361884251875,
        11408.24994923608,
        14327.970570696343,
        17052.137218130865,
        19994.362158293974,
        22872.08843266321,
        25702.334226414107,
        28688.853408977644,
        31386.63483056544,
        34338.00431276069,
        37195.76534424901,
        40087.48815437215,
        42981.88812606703,
        45838.36863556554,
        48688.79164286609,
        51650.226489500914,
        54447.345074749785,
        56796.98786988335,
        59666.18820034401,
        62285.41694805659,
        63429.04929141364,
        63550.63497723451,
        63552.96715810869,
        63552.97316061461
    ],
    "variance": [
        85340.00384922068,
        166031.2735941381,
        331975.23383452406,
        417466.6267426184,
        495676.1755136139,
        583877.8975973717,
        670322.3189674307,
        762165.5577860181,
        840934.9883069174,
        919903.1935210988,
        1006211.0486152008,
        1090020.8662984085,
        1181230.0237319,
        1294442.8764847612,
        1344641.395222105,
        1422839.9074177218,
        1515463.7614305806,
        1601531.1034090344,
        1710082.370550447,
        1731698.4184326513,
        1125921.7189857378,
        136791.08272917583,
        2230.74403575745,
        3.898063522621117,
        0.0
    ],
    "gain": 0.034058468495302904,
    "slope": 29.361273250965844,
    "intercept": -1206.4132433151883,
    "saturation_value": 59666.18820034401,
    "linearity_error": 0.16061960195158342,
    "residuals": [
        0.11903818486806168,
        0.07324802950679489,
        0.031007622727702962,
        0.12306633244587367,
        -0.14903797866167262,
        -0.015071449267212456,
        -0.0012151303235543556,
        -0.07577754763098359,
        0.1406742659316403,
        -0.1805649379715265,
        -0.02956932968932442,
        -0.05289253212977046,
        -0.012971691784148713,
        0.03193459183903736,
        0.006226785565479675,
        -0.030761375965789668,
        0.1389780780412951,
        0.0027257647359750646,
        -0.9668214805011179,
        -0.9688422793946488,
        -1.4363632408271776,
        -4.651758014627031,
        -9.770420671820585,
        -15.111158675842596,
        -20.456228517894402
    ],
    "exposures": [
        0.005,
        0.01,
        0.02,
        0.025,
        0.03,
        0.035,
        0.04,
        0.045,
        0.05,
        0.055,
        0.06,
        0.065,
        0.07,
        0.075,
        0.08,
        0.085,
        0.09,
        0.095,
        0.1,
        0.105,
        0.11,
        0.115,
        0.12,
        0.125,
        0.13
    ]
}