{
    "average": [
        1533.5784768971457,
        3089.647191435881,
        6228.431529664786,
        12540.525968252263,
        18916.1133407195,
        25281.301665689083,
        31527.310606719875,
        37870.42978921952,
        41037.62510063332,
        44109.135437176694,
        47434.48982143496,
        50687.72140416386,
        53848.22019822527,
        57047.075367072015,
        60038.03262752637,
        62326.87906830159,
        63348.00173443921,
        63554.50286827322,
        63581.398159943725,
        63582.6991504631,
        63582.725292028306
    ],
    "variance": [
        200182.22741351416,
        376429.53042188863,
        736093.5492240754,
        1491360.7419073328,
        2248847.3772625546,
        3014551.650687586,
        3723612.8585774372,
        4503777.334597399,
        4906654.559870367,
        5312084.398324949,
        5698620.2925100755,
        6029309.416660378,
        6393543.959571513,
        6678172.591716624,
        5796447.483142649,
        2766924.4488545177,
        524585.8934328851,
        54782.753835424635,
        2105.5983250597783,
        34.523544414453454,
        0.08140360933642507
    ],
    "gain": 0.008445069098235659,
    "slope": 118.41229341852511,
    "intercept": 9233.79091880165,
    "saturation_value": 57047.075367072015,
    "linearity_error": 0.23364434833576442,
    "residuals": [
        0.12943296846292665,
        0.07373139479604188,
        0.014228676440296776,
        -0.03753061719547689,
        0.03437585793411416,
        0.08602801302139945,
        -0.09444660939513343,
        -0.0857787251986045,
        -0.08994513090363293,
        -0.2804780384158421,
        0.023403430427955327,
        0.18681065825568674,
        0.16960138437889055,
        0.22709917292674792,
        -0.12032769856304398,
        -1.835262243245706,
        -6.019353993194286,
        -11.790091561651144,
        -17.91064907366208,
        -24.08105684040937,
        -30.25394764213938
    ],
    "exposures": [
        0.005,
        0.01,
        0.02,
        0.04,
        0.06,
        0.08,
        0.1,
        0.12,
        0.13,
        0.14,
        0.15,
        0.16,
        0.17,
        0.18,
        0.19,
        0.2,
        0.21,
        0.22,
        0.23,
        0.24,
        0.25
    ]
}