{
    "average": [
        1769.6844091256737,
        4448.014007522668,
        8880.773436429818,
        13325.561346869148,
        17759.842842184982,
        22202.383343516965,
        26605.908225706786,
        31077.554430937867,
        35455.007576327655,
        39933.13552612567,
        44410.712731482316,
        48852.55869980132,
        53226.082451615745,
        57614.90650977268,
        62037.86868596179,
        64997.28464503141,
        65020.883661680295,
        65020.883661680295,
        65020.883661680295
    ],
    "variance": [
        6995.308087569596,
        17060.01280383459,
        33948.89688561071,
        50620.68546568869,
        67637.009828254,
        84535.13735751975,
        101296.97658020287,
        118326.18585875494,
        135195.52638145452,
        152677.9222267377,
        169532.35689745186,
        186069.05184261716,
        201888.38561892096,
        218392.73915141722,
        234959.29851075707,
        10090.522152647267,
        0.0,
        0.0,
        0.0
    ],
    "gain": 0.26228109871956823,
    "slope": 3.8127032595253962,
    "intercept": 19.460189003683002,
    "saturation_value": 62037.86868596179,
    "linearity_error": 0.09570597138975606,
    "residuals": [
        -0.04091335401555863,
        -0.009457073887015914,
        -0.012772300694982258,
        0.005455732707769282,
        0.0048665584453865506,
        0.019069435466595744,
        -0.03660547160432676,
        0.029726325516808885,
        -0.07264360357545611,
        0.00529713266664619,
        0.08225147417735758,
        0.09521042814946241,
        -0.014197126435082634,
        -0.09620151463004972,
        -0.11706382450831664,
        -2.7591678016298844,
        -10.65938088856692,
        -18.601860304385465,
        -26.544339720203986
    ],
    "exposures": [
        0.02,
        0.05,
        0.1,
        0.15,
        0.2,
        0.25,
        0.3,
        0.35,
        0.4,
        0.45,
        0.5,
        0.55,
        0.6,
        0.65,
        0.7,
        0.75,
        0.8,
        0.85,
        0.9
    ]
}