{
    "average": [
        2120.5265437511566,
        5301.363045274796,
        10576.000248770455,
        15890.983463354854,
        21179.05159386573,
        25437.135282274296,
        29846.061448855646,
        34114.65100565597,
        36226.0337901998,
        38441.379617855535,
        42710.63015700213,
        46601.33095381108,
        51036.03137459175,
        55479.68578151248,
        57600.504123694154,
        59564.07662745819,
        61753.17599666644,
        63583.301284451605,
        64950.271453062785,
        65020.01158819714,
        65020.040959595324,
        65020.040959595324,
        65020.040959595324
    ],
    "variance": [
        9864.339586571106,
        24313.385744868512,
        48347.435876852316,
        72821.64972636125,
        97030.87127231674,
        116396.08964449882,
        137444.70468557277,
        157177.90179399165,
        166431.1501158419,
        176646.07804896167,
        196126.34494536623,
        214327.1956977333,
        233003.84538402306,
        251928.92566323743,
        260378.34034724254,
        268115.5680639956,
        276636.89844848315,
        266184.92873033584,
        29052.5853385916,
        9.732735173505628,
        0.0,
        0.0,
        0.0
    ],
    "gain": 0.2173762823446229,
    "slope": 4.600317887554196,
    "intercept": -160.87090000641666,
    "saturation_value": 61753.17599666644,
    "linearity_error": 0.34010541837959996,
    "residuals": [
        0.1364734969909654,
        0.09918516235175216,
        -0.011105273178387335,
        -0.04880203156367192,
        -0.13492649992163602,
        -0.15411350057806078,
        0.09810700262306435,
        0.09782297645103076,
        0.05645592426280332,
        0.20214725487386653,
        0.2030525194829744,
        -0.47715831727622554,
        -0.17856277382936805,
        0.13614347700764443,
        0.11175361305586264,
        -0.19556517790567896,
        -0.09709851410347023,
        -0.6445259019555946,
        -2.0252979571491787,
        -5.7401470546975455,
        -9.580425173346768,
        -13.420756139297108,
        -17.261087105247448
    ],
    "exposures": [
        0.02,
        0.05,
        0.1,
        0.15,
        0.2,
        0.24,
        0.28,
        0.32,
        0.34,
        0.36,
        0.4,
        0.44,
        0.48,
        0.52,
        0.54,
        0.56,
        0.58,
        0.6,
        0.62,
        0.64,
        0.66,
        0.68,
        0.7
    ]
}