{
    "average": [
        2551.852267787707,
        6376.48572068857,
        12845.864807958973,
        19314.153504813345,
        25744.61216423311,
        28295.43333868049,
        30854.92950716489,
        33632.34855402971,
        36277.88673111342,
        38854.69022858945,
        41210.12600807421,
        43905.88583576509,
        46572.47529733796,
        49173.197648820686,
        51808.00912418681,
        54110.64073832668,
        56970.57791276595,
        59061.83563546451,
        61671.86909736241,
        64331.444425919646,
        64996.605634318475,
        65020.23793097181,
        65020.23797411706,
        65020.23797411706,
        65020.23797411706
    ],
    "variance": [
        14224.310294256566,
        35269.044090558506,
        71090.66301728162,
        106925.61258443625,
        142812.00155930014,
        157170.0181869328,
        171657.0552871888,
        188135.41294398322,
        202428.45215777677,
        217101.093181732,
        230049.378859829,
        245051.62798970685,
        260558.4617042114,
        274403.6372074203,
        288083.0405466265,
        300435.179470788,
        315735.4792764337,
        325822.49066320714,
        339361.5221333565,
        222191.0788042104,
        11925.294854294858,
        0.00811344281382074,
        0.0,
        0.0,
        0.0
    ],
    "gain": 0.1788686933291171,
    "slope": 5.590693269950864,
    "intercept": -559.1835766086745,
    "saturation_value": 61671.86909736241,
    "linearity_error": 0.28320014603705973,
    "residuals": [
        0.17103931470089037,
        0.055665556800909094,
        0.03451467393450188,
        0.011399289384531547,
        -0.07987257484174398,
        -0.15486868498254291,
        -0.21423549378314813,
        0.1190184093838573,
        0.21466916884615386,
        0.18648410599830129,
        -0.24052806344024608,
        -0.05439547680992193,
        0.0791823253079881,
        0.09409066118610711,
        0.17041566055967688,
        -0.35173112322796557,
        0.1301915486304977,
        -0.7727769660640804,
        -0.74109326989526,
        -0.6201524791774511,
        -4.092447504884214,
        -8.720552971189266,
        -13.39123548248705,
        -18.06191807151741,
        -22.732600660547824
    ],
    "exposures": [
        0.02,
        0.05,
        0.1,
        0.15,
        0.2,
        0.22,
        0.24,
        0.26,
        0.28,
        0.3,
        0.32,
        0.34,
        0.36,
        0.38,
        0.4,
        0.42,
        0.44,
        0.46,
        0.48,
        0.5,
        0.52,
        0.54,
        0.56,
        0.58,
        0.6
    ]
}