{
    "average": [
        1900.5895342701674,
        4758.565710058842,
        9504.005275585843,
        14211.09455117229,
        18964.727746215533,
        20931.57986928455,
        22747.815295428903,
        24801.2007968465,
        26756.84663431036,
        28596.57843839445,
        32454.429861526667,
        36202.22092419745,
        40073.39878106608,
        43785.22005539715,
        49717.32420595475,
        53505.59335943977,
        57289.565263736484,
        61039.745353080565,
        64439.28950196944,
        65011.933755263046,
        65020.35820065325,
        65020.35922491162,
        65020.35922491162,
        65020.35922491162,
        65020.35922491162
    ],
    "variance": [
        7856.391451720073,
        19644.48453127941,
        38894.94301052536,
        58157.135457696815,
        77593.62037140068,
        85794.78443612278,
        93315.24544667623,
        102074.20759350297,
        110310.41959840315,
        117784.02573836398,
        133486.28496503993,
        148692.94859837313,
        164411.80791936375,
        179203.8748281839,
        202378.01250470907,
        216410.79341265987,
        229622.05738993004,
        242002.31809915556,
        150329.3637012707,
        3500.365087903482,
        0.27217333637248725,
        0.0,
        0.0,
        0.0,
        0.0
    ],
    "gain": 0.2430514883708014,
    "slope": 4.114354562085181,
    "intercept": -114.03767770662623,
    "saturation_value": 61039.745353080565,
    "linearity_error": 0.17609150177126512,
    "residuals": [
        0.15630625053188912,
        0.13566637331035725,
        0.06876669576658655,
        -0.06794230522831746,
        -0.11992705686085121,
        -0.021674944181937734,
        -0.19759154649980326,
        0.058177930658476956,
        0.13603115671335056,
        0.002885189247731975,
        0.0613139459688608,
        -0.08060100564988942,
        0.002085959408064867,
        -0.20530507055504738,
        0.14687793298748286,
        0.07864555687767995,
        0.002590865499830952,
        -0.1349753227581397,
        -0.9108067710382198,
        -3.3504418109763594,
        -6.817130443691044,
        -10.299152293736528,
        -13.781176008247254,
        -17.263199722758007,
        -20.74522343726876
    ],
    "exposures": [
        0.02,
        0.05,
        0.1,
        0.15,
        0.2,
        0.22,
        0.24,
        0.26,
        0.28,
        0.3,
        0.34,
        0.38,
        0.42,
        0.46,
        0.52,
        0.56,
        0.6,
        0.64,
        0.68,
        0.7,
        0.72,
        0.74,
        0.76,
        0.78,
        0.8
    ]
}