{
    "average": [
        945.0247323642964,
        2369.1179747223687,
        4692.478718767197,
        9406.69548971844,
        14128.247320864244,
        18704.98080201792,
        23454.301537540345,
        28123.149343981986,
        32765.369175391843,
        37540.777135280354,
        42016.99089916945,
        46897.33759562549,
        51779.77571464148,
        56336.419119073966,
        60846.84311386109,
        64890.90924459547,
        65021.86440677202,
        65021.86440677202,
        65021.86440677202
    ],
    "variance": [
        1968.7601155157922,
        4949.116573956935,
        9742.661708656418,
        19304.264095989005,
        29195.125019031388,
        38218.78133671904,
        48064.25973945473,
        57618.377450671156,
        67153.45987072813,
        77010.56018688405,
        86211.22006646899,
        96628.73831566513,
        106219.33167836064,
        115383.23143063716,
        123997.77300498966,
        28889.700674880325,
        0.0,
        0.0,
        0.0
    ],
    "gain": 0.4884528019796129,
    "slope": 2.0472807115593907,
    "intercept": 82.66459709389756,
    "saturation_value": 60846.84311386109,
    "linearity_error": 0.3434549842277782,
    "residuals": [
        0.04686044575339753,
        0.07626127572924206,
        0.033725009092489794,
        0.07190415971449958,
        0.12347770594647361,
        -0.08939842102469078,
        0.012883324050911025,
        -0.03178481532024046,
        -0.12507772700510453,
        0.024841337227649453,
        -0.3715916827928861,
        -0.030046249435346402,
        0.31531828566267034,
        0.06575610182212112,
        -0.26820635157698697,
        -1.453774866992147,
        -9.784991132840734,
        -18.355341802884205,
        -26.925692472927683
    ],
    "exposures": [
        0.02,
        0.05,
        0.1,
        0.2,
        0.3,
        0.4,
        0.5,
        0.6,
        0.7,
        0.8,
        0.9,
        1.0,
        1.1,
        1.2,
        1.3,
        1.4,
        1.5,
        1.6,
        1.7
    ]
}