{
    "average": [
        584.2950771687827,
        1463.2754742822794,
        2919.252505953969,
        5826.244640376681,
        11676.634632391993,
        17476.302052504572,
        23250.685391177554,
        28967.898202867218,
        34900.47028948545,
        40685.28487175987,
        46667.19779425283,
        52242.79872386201,
        55215.901816253376,
        58106.48534169382,
        60914.92484120747,
        63954.21647490501,
        65018.2604210976,
        65021.50976423095,
        65021.50976423095,
        65021.50976423095
    ],
    "variance": [
        766.790090503595,
        1855.6851819113394,
        3685.3855713160538,
        7350.348930881589,
        14595.220819711714,
        21798.60069747489,
        28961.48600967148,
        36007.9849464569,
        43458.14686199209,
        50526.964099757475,
        58134.3570811076,
        64570.38858904016,
        67994.5963165026,
        71077.25638710726,
        74002.6414572268,
        72807.00180082675,
        776.5160551663312,
        0.0,
        0.0,
        0.0
    ],
    "gain": 0.8046688462283023,
    "slope": 1.2427472552059982,
    "intercept": 63.321859408910534,
    "saturation_value": 60914.92484120747,
    "linearity_error": 0.24278269003320763,
    "residuals": [
        -0.032149843675899216,
        -0.018787677876048327,
        -0.012916040709237783,
        -0.010223511116201522,
        0.06156695467185998,
        0.04083754397287928,
        -0.026010981040059694,
        -0.1971406948172124,
        0.02455299860468481,
        -0.023268546241274037,
        0.2884246852492029,
        -0.1410104209340834,
        -0.01772902062232632,
        -0.044966410183915353,
        -0.22203758868407686,
        0.0219741972683736,
        -3.3369399967495097,
        -8.630783394305535,
        -13.930553715794744,
        -19.230324037283925
    ],
    "exposures": [
        0.02,
        0.05,
        0.1,
        0.2,
        0.4,
        0.6,
        0.8,
        1.0,
        1.2,
        1.4,
        1.6,
        1.8,
        1.9,
        2.0,
        2.1,
        2.2,
        2.3,
        2.4,
        2.5,
        2.6
    ]
}