{
    "average": [
        832.6885913606772,
        2019.06866680365,
        4016.9422351625417,
        8019.124693289499,
        12137.33837558188,
        16159.110322993794,
        20176.33294611508,
        24212.83635477723,
        28179.941958604897,
        32156.89051843237,
        36285.62860610141,
        40240.40588362214,
        44603.57836960237,
        48750.69632303375,
        52487.89368125299,
        57571.419081223314,
        60375.58462374793,
        64603.8451143886,
        65022.007083142584,
        65022.007085508245,
        65022.007085508245,
        65022.007085508245
    ],
    "variance": [
        1514.1198592967273,
        3604.2531508461616,
        7089.913693756527,
        14128.969726456018,
        21506.157752780568,
        28631.212125732676,
        35650.70200761977,
        42768.42355057698,
        49767.33956447695,
        56777.96143515411,
        64009.35902295253,
        71146.93619437459,
        79454.58150809332,
        86358.11061171832,
        92607.58996114158,
        101333.02693105178,
        105842.61807774505,
        59423.8601432587,
        0.00014903695988934391,
        0.0,
        0.0,
        0.0
    ],
    "gain": 0.5668158951416591,
    "slope": 1.764241279348878,
    "intercept": 43.85416777724067,
    "saturation_value": 60375.58462374793,
    "linearity_error": 0.3810232236220422,
    "residuals": [
        0.17705248983580513,
        0.12542871405553133,
        0.07725104939406519,
        -0.007261152999555657,
        0.12176260158257843,
        0.07330156016926101,
        0.016468252385578825,
        -0.004882011749057366,
        -0.1539472661713293,
        -0.2848982152072113,
        -0.1365060622489597,
        -0.30825952818322605,
        0.2715697138127657,
        0.45378691906085833,
        -0.11838580143986607,
        1.7871318486164318,
        -0.5021290357489575,
        -0.17058263519975442,
        -6.850881881327966,
        -14.30073791103621,
        -21.75059394509803,
        -29.200449979159878
    ],
    "exposures": [
        0.02,
        0.05,
        0.1,
        0.2,
        0.3,
        0.4,
        0.5,
        0.6,
        0.7,
        0.8,
        0.9,
        1.0,
        1.1,
        1.2,
        1.3,
        1.4,
        1.5,
        1.6,
        1.7,
        1.8,
        1.9,
        2.0
    ]
}