{
    "average": [
        652.6576172424172,
        1615.682300303226,
        3255.8977440406243,
        6499.831815777236,
        12985.169290641094,
        19496.7438619974,
        25894.947433019355,
        32347.79846187387,
        35770.66429919805,
        37387.958291614996,
        38785.02799195193,
        40611.32417888101,
        42274.793189029195,
        43863.3845893594,
        45260.40000749503,
        47029.470722815415,
        48613.13158102054,
        50117.476232489564,
        51893.18820282817,
        53199.83646671455,
        55105.09050137704,
        56904.73350327078,
        58346.654689636605,
        59954.1148926348,
        61225.88660284174,
        63093.770944482094,
        64543.88541576546,
        65021.137408257215,
        65021.137408257215,
        65021.137408257215
    ],
    "variance": [
        955.4208688926855,
        2309.927214107617,
        4621.2173708824985,
        8979.74416280183,
        18034.715803063365,
        26914.691475042593,
        35743.60263425421,
        44669.00986090883,
        49361.80625509156,
        51631.22860685433,
        53532.426333404466,
        56081.73028389982,
        58442.88122824388,
        60548.22655778917,
        62471.37047936356,
        65242.58875169741,
        67044.88354843545,
        69051.96783301096,
        71431.60255659488,
        73093.9122686258,
        75604.25287064922,
        77911.11403919628,
        79707.16995618505,
        81613.22299238393,
        83291.70352420185,
        85557.22424928282,
        54448.222029402416,
        0.0,
        0.0,
        0.0
    ],
    "gain": 0.7255970189707467,
    "slope": 1.378175452565243,
    "intercept": 79.09308081084733,
    "saturation_value": 63093.770944482094,
    "linearity_error": 0.4099939797414943,
    "residuals": [
        -0.04894040089295997,
        -0.0643616629363344,
        -0.028120153109753188,
        -0.019909750039540784,
        -0.00794557086611447,
        0.05022337464106891,
        -0.09125936695746467,
        -0.1365053538291971,
        0.1868123409735231,
        0.182688092241547,
        -0.20926153798807545,
        0.1546769508414263,
        0.2318690895893886,
        0.17719822031488192,
        -0.21484700343544857,
        0.04831472662503598,
        -0.015039060244923104,
        -0.21807243398443044,
        0.0567848598884647,
        -0.49440119133624083,
        0.0085857972305879,
        0.32558676814674786,
        0.012622723547120906,
        -0.008819292888298243,
        -0.6214246026711798,
        -0.18424740881806492,
        -0.48278269163646415,
        -8.199085493531106,
        -11.05134086203551,
        -13.903596230539911
    ],
    "exposures": [
        0.02,
        0.05,
        0.1,
        0.2,
        0.4,
        0.6,
        0.8,
        1.0,
        1.1,
        1.15,
        1.2,
        1.25,
        1.3,
        1.35,
        1.4,
        1.45,
        1.5,
        1.55,
        1.6,
        1.65,
        1.7,
        1.75,
        1.8,
        1.85,
        1.9,
        1.95,
        2.0,
        2.15,
        2.2,
        2.25
    ]
}