{
    "average": [
        2003.3832084111375,
        5005.191056197114,
        9993.332423828551,
        15045.074994397502,
        19895.077381204504,
        23971.08888070794,
        27963.126834893323,
        32206.567017896752,
        36289.92338947698,
        40154.01179078078,
        44342.78305402701,
        48286.66264724958,
        52317.02249376816,
        56199.648569282625,
        60417.87365671464,
        62477.148534323336,
        64037.14763559548,
        64974.23648299634,
        65020.029822639626,
        65020.07687528989,
        65020.07687528989,
        65020.07687528989
    ],
    "variance": [
        8730.491802648385,
        21654.28596917313,
        43119.250738826355,
        65065.55266363603,
        86054.30334959376,
        103883.72381062302,
        121620.33448179137,
        139942.03946532356,
        157412.985137013,
        173634.97744034056,
        191868.44595601715,
        208525.31585663385,
        224558.7844011395,
        239565.35922986345,
        254994.87493378037,
        262099.02342263472,
        217623.66813581277,
        19605.075230206083,
        15.458055114225276,
        0.0,
        0.0,
        0.0
    ],
    "gain": 0.23015637676220896,
    "slope": 4.344872012966956,
    "intercept": -161.62631014494738,
    "saturation_value": 62477.148534323336,
    "linearity_error": 0.2442706302597219,
    "residuals": [
        0.1720806576627398,
        0.13523379581050285,
        0.04737409015044855,
        0.07262454544001339,
        -0.2609053933730009,
        -0.17914039869400458,
        -0.24671630933982194,
        0.13280854621590543,
        0.22763586714644288,
        -0.06748911256471828,
        0.21481100466720832,
        0.06158891583629386,
        0.062165732018002275,
        -0.1999913285854125,
        0.1346902946615835,
        0.21339840478900254,
        -0.5958195118154206,
        -2.512838473342973,
        -6.0149623335180955,
        -9.598442671961568,
        -13.182006690156364,
        -16.76557070835116
    ],
    "exposures": [
        0.02,
        0.05,
        0.1,
        0.15,
        0.2,
        0.24,
        0.28,
        0.32,
        0.36,
        0.4,
        0.44,
        0.48,
        0.52,
        0.56,
        0.6,
        0.62,
        0.64,
        0.66,
        0.68,
        0.7,
        0.72,
        0.74
    ]
}