{
    "average": [
        1387.8547105070425,
        3464.1441485283904,
        6922.738519008842,
        13835.27439565114,
        20730.358389080444,
        27647.13935249688,
        34604.78486113314,
        41532.65735442817,
        48406.95702572072,
        52609.73916994255,
        56276.86231890262,
        59627.537380229696,
        63147.04020663757,
        65016.17721487189,
        65021.365086281476,
        65021.365086281476,
        65021.365086281476
    ],
    "variance": [
        4247.817013920658,
        10489.080588809551,
        20998.38610553727,
        41784.1155937226,
        62653.34795179653,
        83600.97830370559,
        104635.62190445657,
        126007.64332277005,
        146310.24018781545,
        158914.38443979138,
        169230.98572885798,
        179251.23863276126,
        189188.3813279691,
        1889.2462497557458,
        0.0,
        0.0,
        0.0
    ],
    "gain": 0.33088733789569763,
    "slope": 3.022176691195177,
    "intercept": 32.035161783426055,
    "saturation_value": 63147.04020663757,
    "linearity_error": 0.7510235853971345,
    "residuals": [
        0.4040474746477504,
        0.35374582858069753,
        0.2665876532427224,
        0.0840843008862899,
        -0.12912671612761323,
        -0.3041605765380433,
        -0.40729074978329466,
        -0.5628083794297875,
        -0.8125906928773489,
        0.4096954089056227,
        0.6894564779169201,
        0.4124076234412384,
        0.4324216321361554,
        -2.4514847835783926,
        -8.615124643164227,
        -14.787892882397543,
        -20.960661121630856
    ],
    "exposures": [
        0.02,
        0.05,
        0.1,
        0.2,
        0.3,
        0.4,
        0.5,
        0.6,
        0.7,
        0.75,
        0.8,
        0.85,
        0.9,
        0.95,
        1.0,
        1.05,
        1.1
    ]
}