{
    "average": [
        1033.908292546244,
        2592.2694689447353,
        5171.612007235484,
        5684.530157625466,
        6178.175132484817,
        6757.033792302618,
        7247.6891156373695,
        7766.775353445551,
        10309.45089627958,
        15547.769940087812,
        20706.25800740461,
        25928.965146527113,
        31144.612204562087,
        36346.213786344146,
        41497.08945184735,
        46687.636960920994,
        52019.34161605643,
        56970.43513936552,
        62291.66688742463,
        65021.43893396923,
        65021.75275885495,
        65021.75275885495,
        65021.75275885495
    ],
    "variance": [
        2363.752903352095,
        5863.339758679898,
        11611.78009970786,
        12729.067470941314,
        13772.997205920914,
        15160.68070433553,
        16220.966244406958,
        17351.152390505453,
        22976.215143508194,
        34842.155695211215,
        46208.88072544622,
        57733.603642197464,
        69501.83828212226,
        80934.6280367507,
        92612.58304392452,
        104707.04009988766,
        116050.52078774941,
        126915.80936841984,
        138182.91602771406,
        90.5858803858185,
        0.0,
        0.0,
        0.0
    ],
    "gain": 0.4491574902402868,
    "slope": 2.226390568406257,
    "intercept": 81.6740580783382,
    "saturation_value": 62291.66688742463,
    "linearity_error": 0.21485949426780698,
    "residuals": [
        0.042906613345541536,
        0.044261809354650905,
        0.01454528278960417,
        0.0033393558351914056,
        -0.04224458755146808,
        0.06416912285265616,
        0.013252467735330183,
        0.013048703360789697,
        -0.08207160528100155,
        0.0005403216460110784,
        -0.05924414154250378,
        -0.00447953614128796,
        0.03769183659547499,
        0.054809963039020054,
        -0.018552920281694658,
        -0.021152203281617144,
        0.22803383467549926,
        -0.20168515386011474,
        0.02882011345850854,
        -4.363122230960732,
        -13.623663392746016,
        -22.88476433136003,
        -32.14586526997405
    ],
    "exposures": [
        0.02,
        0.05,
        0.1,
        0.11,
        0.12,
        0.13,
        0.14,
        0.15,
        0.2,
        0.3,
        0.4,
        0.5,
        0.6,
        0.7,
        0.8,
        0.9,
        1.0,
        1.1,
        1.2,
        1.3,
        1.4,
        1.5,
        1.6
    ]
}