{
    "average": [
        685.5923604902803,
        1729.1038925497887,
        3425.8713598405106,
        6851.732807051458,
        13777.828701997252,
        20557.83132574638,
        27358.51340525409,
        34249.36632123434,
        37808.43787114674,
        41235.03698020681,
        48095.98650503834,
        51477.06138779893,
        54752.502231987295,
        58085.44778948395,
        61623.209637716616,
        64733.429498040176,
        65021.79486279437,
        65021.79486726285,
        65021.79486726285
    ],
    "variance": [
        1059.628371068042,
        2626.9406903041304,
        5037.475555716134,
        10101.720787584994,
        20176.854535117574,
        30073.511402634344,
        39984.849882130286,
        50092.72916507113,
        55252.53698860528,
        60255.846259754915,
        70300.20086666418,
        74965.7036390788,
        79628.89935522733,
        84108.52597325639,
        88885.29598842702,
        38693.74929025299,
        0.0002667945379283754,
        0.0,
        0.0
    ],
    "gain": 0.6850770700361611,
    "slope": 1.4596897834388414,
    "intercept": 71.44787315293291,
    "saturation_value": 61623.209637716616,
    "linearity_error": 0.2568025949219337,
    "residuals": [
        -0.0592891846480298,
        -0.030295052489071723,
        -0.058454982097332096,
        -0.056487797232120586,
        0.08154648020288466,
        -0.0438359936795044,
        -0.13193191075940663,
        -0.05744327748589318,
        0.18471137261198273,
        0.18800861522916282,
        0.20857926798758675,
        0.12979303270177633,
        -0.13945902651492148,
        -0.30502592185628064,
        -0.10129420761329164,
        -0.6684516697458003,
        -6.323617209352625,
        -12.498726383438575,
        -18.673835565581488
    ],
    "exposures": [
        0.02,
        0.05,
        0.1,
        0.2,
        0.4,
        0.6,
        0.8,
        1.0,
        1.1,
        1.2,
        1.4,
        1.5,
        1.6,
        1.7,
        1.8,
        1.9,
        2.0,
        2.1,
        2.2
    ]
}