{
    "average": [
        2246.9542574406587,
        5575.92410683709,
        11234.254494315192,
        16894.075493365322,
        22523.273143274957,
        26930.43345253287,
        31691.971308899832,
        36157.201043852096,
        38461.433232263065,
        40820.54263009362,
        45249.93218979282,
        47572.36996781493,
        49740.194498053694,
        52146.052236876334,
        54101.14119704062,
        56603.38935418664,
        58833.55578327283,
        61160.80526894696,
        63348.95457496564,
        64877.839104920524,
        65019.9904547997,
        65020.0871887309,
        65020.0871887309,
        65020.0871887309
    ],
    "variance": [
        11119.300022220921,
        26995.25274056378,
        54580.898185215614,
        82175.23512116008,
        109641.60006822943,
        131201.76970392046,
        155036.51022235444,
        176650.07268920232,
        187863.91865596254,
        199429.46150236294,
        220853.83937005265,
        232561.80449443308,
        242079.72992990832,
        253012.81247441357,
        262098.19243612722,
        273507.3524940127,
        282903.77256853756,
        293174.5602087766,
        293157.14351013367,
        60066.981639997466,
        34.79503645387747,
        0.0,
        0.0,
        0.0
    ],
    "gain": 0.20454291494685506,
    "slope": 4.888949589184367,
    "intercept": -224.77329668954724,
    "saturation_value": 61160.80526894696,
    "linearity_error": 0.29633009424533435,
    "residuals": [
        0.1761857968495869,
        0.04404446081097825,
        0.023732336945856882,
        0.006128213854683511,
        -0.06710948590348066,
        -0.3004626427466628,
        0.1099834904778286,
        -0.0178746784869182,
        0.04830374736969542,
        0.21417784738357953,
        0.021208670195913673,
        0.12046127290865677,
        -0.06117270980145474,
        0.18962931239050815,
        -0.37848234110708917,
        0.04743258931555773,
        -0.020944584246055643,
        0.08704946948594905,
        -0.05766040128581459,
        -1.4000595677224807,
        -5.261743164364163,
        -9.38149802326334,
        -13.501428619132138,
        -17.621359215000936
    ],
    "exposures": [
        0.02,
        0.05,
        0.1,
        0.15,
        0.2,
        0.24,
        0.28,
        0.32,
        0.34,
        0.36,
        0.4,
        0.42,
        0.44,
        0.46,
        0.48,
        0.5,
        0.52,
        0.54,
        0.56,
        0.58,
        0.6,
        0.62,
        0.64,
        0.66
    ]
}