{
    "average": [
        650.9339165038488,
        1631.4572308577801,
        3238.6022201364303,
        6508.148024503495,
        12983.947411240204,
        19468.2935395984,
        25912.24303867046,
        32402.113774801197,
        35647.08320344699,
        38895.733004753565,
        45340.529707585636,
        48365.92338305588,
        51759.92925685487,
        54886.047471711136,
        58277.87072306325,
        61448.58635222382,
        64566.49613168515,
        65021.82253763437,
        65021.825413608574,
        65021.825413608574
    ],
    "variance": [
        951.8085640704329,
        2335.871449787579,
        4597.58319280308,
        8980.491380639942,
        18022.190298938192,
        26894.649758970154,
        35755.47056380578,
        44736.90613527159,
        49235.14164674909,
        53708.93341182501,
        62564.46466972584,
        66750.01827433595,
        71226.82935226735,
        75344.440886735,
        79488.34793237294,
        83591.54270648469,
        50269.31766163629,
        0.5469018232469919,
        0.0,
        0.0
    ],
    "gain": 0.725394648390943,
    "slope": 1.378559935916513,
    "intercept": 74.72188876374707,
    "saturation_value": 61448.58635222382,
    "linearity_error": 0.20047876043588142,
    "residuals": [
        -0.09980940825192773,
        -0.0793228489709684,
        -0.09410934416144488,
        -0.02376895059743545,
        0.0024670701284004574,
        0.044157278075077605,
        0.012802447371089556,
        0.06448223106718913,
        0.09038371113329824,
        0.12294002770449777,
        0.09311710776853291,
        -0.2780174931672651,
        0.017371146816588297,
        -0.17163370709482642,
        0.11980832289189154,
        0.011444351874503645,
        -0.1924029651651665,
        -5.210723887197607,
        -11.052359165732362,
        -16.893999644593226
    ],
    "exposures": [
        0.02,
        0.05,
        0.1,
        0.2,
        0.4,
        0.6,
        0.8,
        1.0,
        1.1,
        1.2,
        1.4,
        1.5,
        1.6,
        1.7,
        1.8,
        1.9,
        2.0,
        2.1,
        2.2,
        2.3
    ]
}