{
    "average": [
        1118.3000694379357,
        2807.5770939074855,
        5613.792982427682,
        11281.76815607509,
        16873.249803461953,
        22403.394038243285,
        28081.785105697963,
        34059.4239398511,
        39074.99360511609,
        45713.20126472271,
        50467.29580586907,
        56055.06657484127,
        58869.64474208531,
        61784.36210835833,
        64411.167994744166,
        65021.70118958464,
        65021.83559164336,
        65021.83559164336,
        65021.83559164336
    ],
    "variance": [
        2850.166608210192,
        7073.476699490384,
        13695.445913371072,
        27594.195171680665,
        41355.16020002605,
        54753.86250806464,
        68631.5902753254,
        84164.72867457381,
        95443.19902580665,
        112234.66454464686,
        123558.72075648485,
        136971.5586907128,
        143410.3700410733,
        150282.5476325751,
        103950.66250118251,
        38.03386880563056,
        0.0,
        0.0,
        0.0
    ],
    "gain": 0.4082337106580596,
    "slope": 2.4495772247422494,
    "intercept": 45.55855281567726,
    "saturation_value": 61784.36210835833,
    "linearity_error": 0.9092224251933669,
    "residuals": [
        -0.037335731735216364,
        -0.035243049405422375,
        -0.048382644095190046,
        0.02522571575766788,
        -0.03872954737726741,
        -0.2129921412786766,
        -0.12065215590362184,
        0.5098458798381275,
        -0.5898119146839015,
        1.2286329357028323,
        -0.34125374161940425,
        -0.4118825352365094,
        -0.4099836630922775,
        -0.22799751173695237,
        -0.5637825785387819,
        -4.525570915677697,
        -9.58508181193139,
        -14.644834412745436,
        -19.70458701355948
    ],
    "exposures": [
        0.02,
        0.05,
        0.1,
        0.2,
        0.3,
        0.4,
        0.5,
        0.6,
        0.7,
        0.8,
        0.9,
        1.0,
        1.05,
        1.1,
        1.15,
        1.2,
        1.25,
        1.3,
        1.35
    ]
}