{
    "average": [
        2560.3141275032503,
        5128.651156457803,
        7707.791684427939,
        10284.390632096998,
        12894.87504960389,
        15449.487284656785,
        18023.0051381519,
        20654.959952275123,
        23201.74860331818,
        25776.687368085946,
        32268.469004478095,
        38736.133925095346,
        45388.613706572374,
        51848.56016185813,
        54490.89185559703,
        57042.8948081362,
        59667.06623688895,
        62210.65061652265,
        64547.97562631576,
        65018.514519520424,
        65020.384932005494,
        65020.384932005494,
        65020.384932005494,
        65020.384932005494
    ],
    "variance": [
        14428.273871664165,
        28713.945595756024,
        43016.73854882407,
        57466.70708358716,
        72138.6900833427,
        86634.20266853528,
        100893.84373059728,
        115766.29891842528,
        130071.18557466408,
        144532.35465170126,
        181377.1231935923,
        217821.15447864015,
        256452.94070785897,
        291573.8338356914,
        305895.5365526312,
        319288.2040561945,
        332705.323581055,
        346079.40955967794,
        175372.22375649068,
        839.9093937025887,
        0.0,
        0.0,
        0.0,
        0.0
    ],
    "gain": 0.1777973082756552,
    "slope": 5.624382110721326,
    "intercept": -280.80892289465595,
    "saturation_value": 62210.65061652265,
    "linearity_error": 0.15008187118920865,
    "residuals": [
        0.16451162798128555,
        0.11191990647932792,
        0.07862373594192655,
        0.0407881849538742,
        0.06347365676322318,
        -0.013631184036975441,
        -0.05696971230805974,
        0.0040628849596322306,
        -0.08701524021533578,
        -0.12781595496525994,
        -0.13259479594168241,
        -0.18044721129072142,
        0.10178829779871595,
        0.04015034491619919,
        0.1197165310876959,
        0.037951390540915696,
        0.08508250007059213,
        -0.011718602650288897,
        -0.4769085187487251,
        -4.276265134043372,
        -8.912685421224424,
        -13.55244635196719,
        -18.192207282709933,
        -22.8319682134527
    ],
    "exposures": [
        0.02,
        0.04,
        0.06,
        0.08,
        0.1,
        0.12,
        0.14,
        0.16,
        0.18,
        0.2,
        0.25,
        0.3,
        0.35,
        0.4,
        0.42,
        0.44,
        0.46,
        0.48,
        0.5,
        0.52,
        0.54,
        0.56,
        0.58,
        0.6
    ]
}