{
    "average": [
        1645.9842373032066,
        4089.12082268408,
        8181.027474509383,
        16259.427555189866,
        32139.767921536186,
        49333.651473757476,
        57346.36851221675,
        64955.44216396725,
        65021.663182566044,
        65021.663182566044,
        65021.663182566044
    ],
    "variance": [
        2236.1448331756114,
        5406.303870687112,
        10717.23341906793,
        21320.367985322177,
        42164.015892460855,
        64451.90450729605,
        74128.0269310051,
        14065.87664128005,
        0.0,
        0.0,
        0.0
    ],
    "gain": 0.7633617524391177,
    "slope": 1.309994896659111,
    "intercept": 42.26086611357676,
    "saturation_value": 57346.36851221675,
    "linearity_error": 0.7935595710108441,
    "residuals": [
        0.22052164010181421,
        0.19518825925320363,
        0.1917407522763444,
        -0.019397017302231867,
        -0.977325568124514,
        0.609793573897174,
        0.27139202124572764,
        -0.8490863455689591,
        -16.584173427115292,
        -32.44756664462652,
        -48.31095986213775
    ],
    "exposures": [
        0.02,
        0.05,
        0.1,
        0.2,
        0.4,
        0.6,
        0.7,
        0.8,
        0.9,
        1.0,
        1.1
    ]
}