{
    "average": [
        1788.8816857106551,
        4443.972830811759,
        8834.069623096053,
        13378.02194069042,
        17834.911082004655,
        22363.49988468316,
        26879.670470094676,
        31420.294100711893,
        35876.37240370011,
        40333.36819439137,
        44815.78092845715,
        49112.72644325916,
        53519.43076945434,
        58048.09757148968,
        62479.37441083646,
        65014.30032256422,
        65020.11571239447,
        65020.11571239447,
        65020.11571239447
    ],
    "variance": [
        7040.573545483054,
        17165.172467754084,
        34063.40976691061,
        51605.05848396658,
        68604.40769398632,
        86080.72771470065,
        103917.38563604816,
        121270.84022476542,
        138067.5293946683,
        154956.1333939618,
        171544.25006428227,
        186989.7298116711,
        201704.54770461135,
        215727.61463531182,
        227990.20960318283,
        2315.9528640608814,
        0.0,
        0.0,
        0.0
    ],
    "gain": 0.2595916368957887,
    "slope": 3.8522042233642653,
    "intercept": 66.70984875200253,
    "saturation_value": 62479.37441083646,
    "linearity_error": 0.23111037377920624,
    "residuals": [
        0.010470910985898727,
        -0.03931415739494192,
        -0.18463005101692898,
        -0.05633471646981454,
        -0.08286945736069483,
        0.018103945285365693,
        0.09699322926721127,
        0.21936894454701797,
        0.19139223743631276,
        0.16504715802801453,
        0.18390267235198002,
        -0.12707016070121666,
        -0.24285180301139453,
        -0.14173968906604698,
        -0.21382244250588356,
        -3.658308658868227,
        -11.60047563565278,
        -19.552984496165767,
        -27.505493356678755
    ],
    "exposures": [
        0.02,
        0.05,
        0.1,
        0.15,
        0.2,
        0.25,
        0.3,
        0.35,
        0.4,
        0.45,
        0.5,
        0.55,
        0.6,
        0.65,
        0.7,
        0.75,
        0.8,
        0.85,
        0.9
    ]
}