{
    "average": [
        1241.7047039507677,
        3098.6994125938154,
        6185.693210755775,
        12370.990611496927,
        18547.864299866444,
        24710.780228820753,
        30970.764248219817,
        37066.70939341465,
        43402.923165977845,
        49559.68637491919,
        55823.6305387005,
        58910.20153782572,
        61936.46749777402,
        64700.78025183906,
        65021.42589636971,
        65021.42698780548
    ],
    "variance": [
        3478.3320371820864,
        8545.83556792165,
        16845.37498182648,
        33355.68449051695,
        50029.70809783053,
        66768.78919995912,
        83662.48030665297,
        100416.02634540973,
        117550.9110906345,
        134103.51593543796,
        150143.86953883342,
        158384.89901216712,
        166466.10627719798,
        73630.85910224712,
        0.22311506588657312,
        0.0
    ],
    "gain": 0.3701509851105879,
    "slope": 2.701600266445963,
    "intercept": 70.72876710365439,
    "saturation_value": 61936.46749777402,
    "linearity_error": 0.13983544491529581,
    "residuals": [
        0.07071109498447714,
        0.06513591675780031,
        0.04149702405658385,
        0.014508496114521428,
        -0.02759177583079542,
        -0.09473161202478315,
        0.012264142951954639,
        -0.17501813106777397,
        0.06873021759049246,
        -0.009447309072700224,
        0.10465275876281765,
        0.08025538446511997,
        -0.052326395228129464,
        -0.654839912081769,
        -5.641177348757768,
        -11.202736040462215
    ],
    "exposures": [
        0.02,
        0.05,
        0.1,
        0.2,
        0.3,
        0.4,
        0.5,
        0.6,
        0.7,
        0.8,
        0.9,
        0.95,
        1.0,
        1.05,
        1.1,
        1.15
    ]
}