{
    "average": [
        871.1041423716503,
        2204.2287474180443,
        4354.095272550281,
        8690.101082363635,
        13341.55259953672,
        17784.697364865635,
        22132.5095458762,
        26467.67306864758,
        31035.739425209198,
        35513.36154957295,
        39952.02108612166,
        44289.171958699524,
        48790.42926166131,
        52935.80724777041,
        57473.89655189506,
        61886.973736561515,
        65004.22243289168,
        65021.85153563279,
        65021.85153563279,
        65021.85153563279
    ],
    "variance": [
        1699.0456497076188,
        4338.951931173017,
        8415.243492540496,
        16469.511608727364,
        25400.329001975675,
        33717.194165281304,
        41888.60726713416,
        50184.31201014258,
        58865.90465363613,
        67402.7406440397,
        75831.86497820282,
        84028.10462080424,
        92597.90761211807,
        100279.28217186363,
        108626.38741780077,
        116592.17932878892,
        5119.823519106663,
        0.0,
        0.0,
        0.0
    ],
    "gain": 0.5278897104975959,
    "slope": 1.8943350857461998,
    "intercept": 81.86592556537417,
    "saturation_value": 61886.973736561515,
    "linearity_error": 0.2701656891253693,
    "residuals": [
        0.002809916678531388,
        0.01115929973279311,
        -0.10420700971303098,
        -0.2698159624564789,
        0.13092242615122315,
        0.15766943576734477,
        0.013257496590862174,
        -0.1538636879431877,
        0.09716600937906467,
        0.18581324515334394,
        0.20450753020941834,
        0.04095440906306778,
        0.17203595365516486,
        -0.33582384804132026,
        -0.1386145817888989,
        -0.1658505365046399,
        -2.5196010136685487,
        -10.438370367526757,
        -18.388790795515607,
        -26.33921122350446
    ],
    "exposures": [
        0.02,
        0.05,
        0.1,
        0.2,
        0.3,
        0.4,
        0.5,
        0.6,
        0.7,
        0.8,
        0.9,
        1.0,
        1.1,
        1.2,
        1.3,
        1.4,
        1.5,
        1.6,
        1.7,
        1.8
    ]
}