{
    "average": [
        1595.0772103883837,
        3987.1601572169193,
        7980.8539038148665,
        11967.6269923791,
        15980.164456683826,
        19964.010990622348,
        23848.105334367014,
        27750.71543990727,
        31866.90141303871,
        35816.645789249334,
        39975.61089931514,
        43868.517719290496,
        47760.37483977305,
        51828.56118089701,
        55810.398231105006,
        59949.718145628605,
        63514.278574581724,
        65020.915684239284,
        65020.955273100015,
        65020.955273100015,
        65020.955273100015
    ],
    "variance": [
        5697.037598227415,
        13703.814198380454,
        27389.996655179202,
        40964.143408886375,
        54638.11338480919,
        68303.43688702378,
        81704.86153317147,
        95277.15679834157,
        109187.45753478822,
        122937.99220757378,
        137551.05203464688,
        150695.64719309064,
        163640.3891052086,
        177185.10892436566,
        190397.69811459625,
        204455.63450116108,
        210537.29432405942,
        11.806306526883645,
        0.0,
        0.0,
        0.0
    ],
    "gain": 0.29126242123574425,
    "slope": 3.433329970125505,
    "intercept": -44.8837379613179,
    "saturation_value": 63514.278574581724,
    "linearity_error": 0.2446630945780643,
    "residuals": [
        0.04906145794445051,
        0.04580095544999812,
        0.05241802967515714,
        0.046928188400316415,
        0.08651023457907396,
        0.07590071402127499,
        -0.10921408215248399,
        -0.26193762847899016,
        -0.04103413397074578,
        -0.11130155699504946,
        0.18443924250708507,
        0.014740885716821618,
        -0.1567938026762576,
        -0.01986028413195312,
        -0.0339851712351858,
        0.2273885606771384,
        -0.5167150031716244,
        -4.860924743458991,
        -11.840757973296254,
        -18.82066045940787,
        -25.800562945519477
    ],
    "exposures": [
        0.02,
        0.05,
        0.1,
        0.15,
        0.2,
        0.25,
        0.3,
        0.35,
        0.4,
        0.45,
        0.5,
        0.55,
        0.6,
        0.65,
        0.7,
        0.75,
        0.8,
        0.85,
        0.9,
        0.95,
        1.0
    ]
}