{
    "average": [
        1801.4580921104807,
        4516.218895432146,
        9042.097557145484,
        13539.157081362697,
        18061.21269678588,
        22542.372190076698,
        27210.902076138707,
        31785.325521978615,
        36309.14646541681,
        40856.24479805021,
        45262.421595738735,
        49667.64271842684,
        54001.62028560275,
        58554.6058797094,
        59596.25947588252,
        61482.32111774649,
        63357.12138308412,
        64520.95488738378,
        65015.1069515064,
        65019.91905891846,
        65019.919917129584,
        65019.919917129584,
        65019.919917129584,
        65019.919917129584
    ],
    "variance": [
        7159.940397954271,
        17635.672486029063,
        35229.72954920833,
        52784.65013041599,
        70301.18475908611,
        87797.12944332935,
        106529.41406373178,
        124125.81031729453,
        141448.15763674962,
        158934.13539724876,
        175660.64795970032,
        191571.66823759335,
        206289.81856363025,
        220262.07412538744,
        222954.6111324992,
        228753.99351570965,
        228670.0928425958,
        130768.71759910086,
        1916.3247477726723,
        0.2326947777645129,
        0.0,
        0.0,
        0.0,
        0.0
    ],
    "gain": 0.25638801372287684,
    "slope": 3.9003383406249017,
    "intercept": 22.79451674886141,
    "saturation_value": 61482.32111774649,
    "linearity_error": 0.36671347931561626,
    "residuals": [
        -0.07941543209684948,
        -0.0712492533889851,
        -0.055330572289398534,
        -0.09149395852630168,
        -0.0824843028734771,
        -0.14738229233964428,
        0.1263362855528176,
        0.22998530612059753,
        0.24218527003858442,
        0.29645223029348955,
        0.0960451957715716,
        -0.10608893865854865,
        -0.43697472833774303,
        -0.3720682842149261,
        -0.12224117447579898,
        0.0209500508055425,
        0.14378966873484503,
        -1.0182328549376796,
        -3.3905065135023866,
        -6.647117414264661,
        -9.912423224959294,
        -13.177730586616656,
        -16.443037948274018,
        -19.70834530993143
    ],
    "exposures": [
        0.02,
        0.05,
        0.1,
        0.15,
        0.2,
        0.25,
        0.3,
        0.35,
        0.4,
        0.45,
        0.5,
        0.55,
        0.6,
        0.65,
        0.66,
        0.68,
        0.7,
        0.72,
        0.74,
        0.76,
        0.78,
        0.8,
        0.82,
        0.84
    ]
}