{
    "average": [
        776.5146990106559,
        1942.62603777646,
        3865.596129259401,
        7641.093638062683,
        15496.972007484817,
        19386.237177901403,
        23089.217483730223,
        26887.058108572513,
        30761.757700318605,
        34734.07769910498,
        38487.63994774356,
        42165.83030903561,
        46494.9535842021,
        50448.19766860967,
        53932.73671408063,
        57922.71668635051,
        61645.76203061427,
        64613.942578522096,
        65022.03669065677,
        65022.03669065677,
        65022.03669065677
    ],
    "variance": [
        1339.9211984358794,
        3227.0457527814174,
        6465.353763877615,
        12586.010395648886,
        25705.590714968137,
        31992.1969548995,
        42503.920152344195,
        44460.97013651231,
        50874.16128378542,
        57452.02429305183,
        63550.6632378559,
        69660.99862202478,
        77142.34662414476,
        83280.20883707698,
        88827.6866234842,
        95275.48909701104,
        101156.8966783043,
        56209.958342344195,
        0.0,
        0.0,
        0.0
    ],
    "gain": 0.6014828302122799,
    "slope": 1.66255784832141,
    "intercept": 231.2951041204593,
    "saturation_value": 61645.76203061427,
    "linearity_error": 0.5012959367778538,
    "residuals": [
        0.09249344750547106,
        0.10545948958136198,
        0.09003212773237422,
        -0.06778937418398928,
        0.1660932805789959,
        0.2133280692165493,
        -0.0751993682215618,
        -0.19274935159385628,
        -0.1717677485240593,
        0.025166126625353044,
        -0.17219176918294657,
        -0.5054009201911707,
        0.3346397506369156,
        0.4971909533645368,
        -0.18505780977993294,
        0.04370662778460791,
        -0.20865532736315423,
        -1.8215952606064452,
        -8.048867778107072,
        -15.01169435064019,
        -21.974520923173333
    ],
    "exposures": [
        0.02,
        0.05,
        0.1,
        0.2,
        0.4,
        0.5,
        0.6,
        0.7,
        0.8,
        0.9,
        1.0,
        1.1,
        1.2,
        1.3,
        1.4,
        1.5,
        1.6,
        1.7,
        1.8,
        1.9,
        2.0
    ]
}