{
    "average": [
        2377.315751777179,
        5929.921223427937,
        11945.855908548001,
        17997.66768994873,
        24011.73621706542,
        28726.096959908642,
        31351.357170011343,
        33807.28965363493,
        36079.24601073577,
        38613.49276624334,
        41157.130791263524,
        43482.900600714,
        48429.61679309087,
        50752.53533670715,
        53225.50776054922,
        55614.28301381069,
        58002.56085518608,
        60367.11125427773,
        62752.29702456268,
        64703.55077669703,
        65019.97138595296,
        65020.30934502739,
        65020.30934502739,
        65020.30934502739
    ],
    "variance": [
        12384.486419773995,
        30617.292139873698,
        61727.25671938088,
        93136.75648528372,
        124530.02240295976,
        149015.96636004624,
        163562.05069523738,
        176464.83262724857,
        188037.38658027424,
        201312.56014645437,
        214579.77207018758,
        226602.7319571084,
        252109.1096098342,
        263526.6402471,
        275565.6156475611,
        287563.1246575484,
        298707.9794984301,
        309930.1233368832,
        319609.6345112166,
        120980.58196178186,
        137.1104667796671,
        0.0,
        0.0,
        0.0
    ],
    "gain": 0.19150166052556003,
    "slope": 5.22188683510934,
    "intercept": -463.16386149393327,
    "saturation_value": 62752.29702456268,
    "linearity_error": 0.260013961800061,
    "residuals": [
        0.29465110020460916,
        0.13778084152279996,
        0.04440848207658462,
        0.014561192152918052,
        -0.08211544297873584,
        -0.3310203315679944,
        0.019197477732770255,
        0.0695985038542998,
        -0.20575415244090994,
        -0.016687512828279655,
        0.18900759203212758,
        0.008938658673023485,
        0.17144934201573275,
        -0.01366812868673524,
        0.06690432988771089,
        -0.0016052630197235683,
        -0.07099558842558233,
        -0.18239843928435298,
        -0.2572636790883316,
        -1.1004620472322557,
        -4.838345320940515,
        -9.135894075114965,
        -13.434041229826985,
        -17.73218838453898
    ],
    "exposures": [
        0.02,
        0.05,
        0.1,
        0.15,
        0.2,
        0.24,
        0.26,
        0.28,
        0.3,
        0.32,
        0.34,
        0.36,
        0.4,
        0.42,
        0.44,
        0.46,
        0.48,
        0.5,
        0.52,
        0.54,
        0.56,
        0.58,
        0.6,
        0.62
    ]
}