{
    "median": 4.7053614907824945,
    "mean": 5.425911724513635,
    "rms": 6.177243299951361
}