{
    "median": 6.098047096647068,
    "mean": 7.061619123150314,
    "rms": 8.080385519561231
}