{
    "average": [
        4531.306020236561,
        9079.555448128156,
        11344.632779754236,
        13623.148363095239,
        15893.524620149154,
        18138.168051988134,
        20518.763908099736,
        22775.077157642256,
        25022.991601462665,
        27323.574931409607,
        29500.015162981254,
        31892.522969027938,
        34226.25529078876,
        36440.02043926604,
        38765.4765487308,
        41123.30369285944,
        43396.12430288265,
        45551.0545839595,
        50254.27838115173,
        54871.0933976556,
        59346.45322368455,
        63079.43978226784,
        63549.150099834646,
        63549.92561677043,
        63549.92561677043
    ],
    "variance": [
        105517.96155943256,
        209883.6975096401,
        262104.0362242271,
        314223.14174772974,
        366395.94706788164,
        419342.39283209684,
        482507.3016957849,
        529502.9488957047,
        581141.0289649222,
        634982.1118746096,
        687294.0462337458,
        755416.0400656649,
        795909.103309976,
        846181.8982507993,
        904002.2869098666,
        963998.3830688513,
        1015155.737098949,
        1060186.4956457217,
        1166513.775270537,
        1279765.4416398401,
        1376710.0241096697,
        421219.641089853,
        630.8527393741128,
        0.0,
        0.0
    ],
    "gain": 0.042721286355272024,
    "slope": 23.407534868776136,
    "intercept": -2833.7815153913416,
    "saturation_value": 59346.45322368455,
    "linearity_error": 0.19628846998884467,
    "residuals": [
        0.1201935936931344,
        0.07048584486976489,
        0.028693052501152408,
        0.01205996215901133,
        -0.01981194260807824,
        -0.09986200540059666,
        0.07462420311942651,
        0.016422900296063702,
        -0.057503026074278374,
        -0.0328198841579776,
        -0.24056306004142064,
        -0.04377476064836362,
        0.042971421476435206,
        -0.09489035856548483,
        -0.02363927503638776,
        0.10821832217537278,
        0.08092284547791986,
        -0.16709223158237932,
        0.07335003583591317,
        0.1520138799362687,
        -0.03416107478532301,
        -1.6102408026560795,
        -9.295973749990448,
        -17.859667618433196,
        -26.42481344472242
    ],
    "exposures": [
        0.01,
        0.02,
        0.025,
        0.03,
        0.035,
        0.04,
        0.045,
        0.05,
        0.055,
        0.06,
        0.065,
        0.07,
        0.075,
        0.08,
        0.085,
        0.09,
        0.095,
        0.1,
        0.11,
        0.12,
        0.13,
        0.14,
        0.15,
        0.16,
        0.17
    ]
}