{
    "average": [
        1538.0973551327465,
        3116.2612101683735,
        6264.276176994521,
        12573.348091768643,
        18882.660558351992,
        25291.156293320248,
        31356.447765780584,
        39675.68188124246,
        47458.02707342974,
        55491.6176654284,
        62994.230709231684,
        62985.30851699713,
        63015.24160574358,
        63500.9193780797,
        63500.9193780797,
        63500.9193780797
    ],
    "variance": [
        2561.0507564200534,
        5136.344090184593,
        10188.095402885589,
        20050.430358785743,
        30159.945396675157,
        40427.0754361501,
        50159.863160187415,
        63236.286846194846,
        75772.35006134183,
        87466.66302651072,
        49454.334394082376,
        49844.34656292136,
        47382.974742246464,
        0.0,
        0.0,
        0.0
    ],
    "gain": 0.6282475405693798,
    "slope": 1.5917292713851319,
    "intercept": 143.6921727776381,
    "saturation_value": 55491.6176654284,
    "linearity_error": 2.668105433601636,
    "residuals": [
        1.4319316056415095,
        1.228889501048665,
        0.80616064935293,
        -0.013183037642886215,
        -0.8320450666887685,
        -1.4523119994388045,
        -2.7597783426519014,
        0.4458346219786379,
        2.5764325245513713,
        5.210100200705232,
        6.780589187227977,
        0.0367111204189699,
        -6.629366845690813,
        -12.382905219209528,
        -19.1089183411055,
        -25.834931463001436
    ],
    "exposures": [
        0.05,
        0.1,
        0.2,
        0.4,
        0.6,
        0.8,
        1.0,
        1.2,
        1.4,
        1.6,
        1.8,
        1.9,
        2.0,
        2.1,
        2.2,
        2.3
    ]
}