{
    "average": [
        1234.2436218602404,
        2491.387556929706,
        5013.683511693911,
        10044.320858859053,
        15053.135253896267,
        20092.35807708576,
        25065.060184379407,
        31433.774964858207,
        37835.404799474534,
        44081.57722623265,
        50294.873942838996,
        50328.81782957252,
        56542.79202961751,
        62535.212324610504,
        63506.50391265539,
        63506.50391265539,
        63506.50391265539
    ],
    "variance": [
        1676.2921138885508,
        3243.606137216136,
        6448.465167762435,
        12734.071865021186,
        19085.617337133117,
        25433.107089543773,
        31733.187106483387,
        39750.885139930804,
        47718.25868935391,
        55204.0093021462,
        62422.361037948416,
        62458.63613186082,
        68379.09493175962,
        62187.63385070035,
        0.0,
        0.0,
        0.0
    ],
    "gain": 0.7939389514076284,
    "slope": 1.25954268678597,
    "intercept": 119.93874467216928,
    "saturation_value": 56542.79202961751,
    "linearity_error": 5.292195159666356,
    "residuals": [
        1.5050591457333788,
        1.3126743863936077,
        0.9436413948406324,
        0.1781535799928076,
        -0.6302180821434313,
        -1.3788347495604119,
        -2.258169946957698,
        -0.39422852721259616,
        1.5343936079026799,
        3.157529496273527,
        4.716061983354665,
        -5.868328335978048,
        -4.308464539725156,
        -3.183971896499792,
        -11.926398972567196,
        -22.577491745652374,
        -33.228584518737584
    ],
    "exposures": [
        0.05,
        0.1,
        0.2,
        0.4,
        0.6,
        0.8,
        1.0,
        1.2,
        1.4,
        1.6,
        1.8,
        2.0,
        2.2,
        2.4,
        2.6,
        2.8,
        3.0
    ]
}