{
    "average": [
        7190.513149739823,
        8987.450784620418,
        10814.107712729252,
        12614.579139415802,
        14420.683187878254,
        16253.329504219571,
        18029.87834003583,
        19872.332125509878,
        21657.874088326025,
        23498.97538342892,
        25296.172803286463,
        27111.32217578181,
        28953.742126768593,
        30771.2277780866,
        32536.070576957973,
        34387.61787867519,
        36206.298380698085,
        39830.407383227015,
        43476.91748547047,
        47119.03795099701,
        50745.7910212397,
        54293.48103154583,
        57919.57606840637,
        61530.99452928525,
        63448.4163440011,
        63546.61148823581,
        63546.69481517972,
        63546.69481517972
    ],
    "variance": [
        131704.5038935407,
        166466.96705401043,
        198150.98083374018,
        230900.26282573165,
        263657.82239749515,
        297095.45243291423,
        330485.8762922753,
        365039.3817874717,
        399605.9898524889,
        432326.9610363114,
        465823.0784260718,
        500460.4808563589,
        545565.248791753,
        567465.3768984147,
        599854.1020657468,
        633425.1850160159,
        666406.2077854562,
        738139.585812966,
        804774.3897833565,
        866352.9367723301,
        934845.5293624321,
        1002647.3220683095,
        1064940.5975949154,
        1053344.3130871216,
        84135.43184408305,
        53.874058643176994,
        0.0,
        0.0
    ],
    "gain": 0.05388577035258991,
    "slope": 18.557774964646804,
    "intercept": -2612.582363872581,
    "saturation_value": 57919.57606840637,
    "linearity_error": 0.07955930709738761,
    "residuals": [
        0.039486163269363904,
        0.0060886634456530295,
        0.02970373029070542,
        0.0030853466250799523,
        -0.012727590825775258,
        0.02237733189462475,
        -0.05013340514588271,
        0.003785860953661678,
        -0.05147274129668397,
        -0.0001480506085449692,
        -0.03304718702220105,
        -0.03150785652019312,
        0.022346502552589225,
        0.02836767759613816,
        -0.06659955619284454,
        0.0047644282950439236,
        0.01307776772313756,
        0.004282219537384449,
        0.03846024347259803,
        0.0642173250235915,
        0.06049407400349578,
        -0.09490128917118372,
        -0.09988689094038462,
        -0.13302757904349088,
        -3.4158786820047395,
        -10.188677578806773,
        -17.14969113069253,
        -24.110864534392682
    ],
    "exposures": [
        0.02,
        0.025,
        0.03,
        0.035,
        0.04,
        0.045,
        0.05,
        0.055,
        0.06,
        0.065,
        0.07,
        0.075,
        0.08,
        0.085,
        0.09,
        0.095,
        0.1,
        0.11,
        0.12,
        0.13,
        0.14,
        0.15,
        0.16,
        0.17,
        0.18,
        0.19,
        0.2,
        0.21
    ]
}