{
    "average": [
        4421.533182734773,
        7130.328079890715,
        8936.169242336533,
        17969.442529972755,
        22443.70852846613,
        26966.32591652993,
        31491.99632991883,
        35993.53366804295,
        40493.512199218196,
        44655.051989728374,
        49352.81231116078,
        53903.22919363001,
        58314.798954819154,
        62612.92071397902,
        63443.866829085644,
        63444.06455058757,
        63444.06455058757
    ],
    "variance": [
        20827.888297908765,
        33816.153062343255,
        41339.6942351973,
        82462.16297322734,
        102773.51062103458,
        123827.10804786375,
        144375.4709696273,
        164316.09414386432,
        183954.62112055102,
        202158.28400357894,
        222050.17063145724,
        238922.42341786972,
        256080.41377553839,
        182851.14603052544,
        75.47977834990472,
        0.0,
        0.0
    ],
    "gain": 0.2199286968937401,
    "slope": 4.546928227757181,
    "intercept": 919.8713872141899,
    "saturation_value": 58314.798954819154,
    "linearity_error": 0.31441038815810335,
    "residuals": [
        -0.086391653970625,
        -0.05999200072668878,
        -0.04243434494437772,
        0.0531039686068333,
        0.020141483245187487,
        0.07930615454404472,
        0.14428796046742218,
        0.16328739390115743,
        0.17931672754547925,
        -0.4495040487707274,
        -0.056627759175435374,
        0.05550515975655505,
        -0.09691668607989821,
        -0.4654986453821135,
        -7.440323704769725,
        -15.998029588949395,
        -24.556112205213577
    ],
    "exposures": [
        0.05,
        0.08,
        0.1,
        0.2,
        0.25,
        0.3,
        0.35,
        0.4,
        0.45,
        0.5,
        0.55,
        0.6,
        0.65,
        0.7,
        0.75,
        0.8,
        0.85
    ]
}