{
    "average": [
        1439.113227211505,
        3542.3387743372896,
        7100.032431850477,
        10679.9960271563,
        14242.367561440635,
        17842.988558151363,
        21411.856664641222,
        25016.309509209706,
        28596.267133605266,
        32251.68098844921,
        35827.86435919258,
        39407.22896220532,
        42961.50661109791,
        46534.96592172453,
        50008.86741787044,
        51419.517253151265,
        52138.85062913395,
        52914.35512220399,
        53612.88320359622,
        54412.948875302856,
        55051.11000336723,
        57185.73967847176,
        58668.718185303325,
        60053.41458876434,
        61401.80594321214,
        62488.89232423353,
        63172.247278236115,
        63452.30002891211,
        63540.65388534064,
        63555.79170193625,
        63557.613994708285
    ],
    "variance": [
        57168.89073354647,
        132781.45998939432,
        262495.4429332406,
        393127.2090468421,
        522571.0398426523,
        655483.8847797787,
        790346.9369039467,
        921414.653572499,
        1056224.3824002033,
        1191612.1193740065,
        1322756.3743927502,
        1462305.7508223462,
        1601218.9723827902,
        1720371.492995681,
        1877166.2779659422,
        1900016.8079398465,
        1930577.785057358,
        1961270.8980916531,
        1989001.7004410743,
        2019352.195903213,
        2042242.696249162,
        2116468.1828397303,
        2162233.9618962947,
        2142540.2511248784,
        1849436.6113346955,
        1163492.3142987771,
        469705.15006192774,
        133190.7496385303,
        20263.833540686956,
        2082.5822402480335,
        153.70635400447452
    ],
    "gain": 0.027055952618049776,
    "slope": 36.96044320142963,
    "intercept": -380.8628283959854,
    "saturation_value": 58668.718185303325,
    "linearity_error": 0.148156128872859,
    "residuals": [
        0.0809015538308875,
        -0.0022741326414741758,
        -0.04181710214452668,
        -0.0391836340322306,
        -0.06986729824006169,
        -0.02811133190788529,
        -0.04649131233844301,
        0.002521687831403288,
        0.00514384779697954,
        0.15067053788872872,
        0.14614474013709733,
        0.14764379281832113,
        0.10163133625061772,
        0.09194651413867852,
        -0.10628818137948677,
        -0.14564171985698932,
        -0.13878824573084161,
        -0.02555380019476157,
        -0.058102915224187,
        0.10164728748067024,
        -0.04522918062754164,
        -0.06892943178916808,
        0.02869835998514846,
        -0.059807686606463205,
        -0.21707089134937416,
        -0.8692125736578851,
        -2.28597037225597,
        -4.466531391910338,
        -7.010145803515955,
        -9.692422108352236,
        -12.399916326462014
    ],
    "exposures": [
        0.002,
        0.005,
        0.01,
        0.015,
        0.02,
        0.025,
        0.03,
        0.035,
        0.04,
        0.045,
        0.05,
        0.055,
        0.06,
        0.065,
        0.07,
        0.072,
        0.073,
        0.074,
        0.075,
        0.076,
        0.077,
        0.08,
        0.082,
        0.084,
        0.086,
        0.088,
        0.09,
        0.092,
        0.094,
        0.096,
        0.098
    ]
}