{
    "average": [
        5543.366605615787,
        6691.093925740917,
        7824.609788874492,
        8959.488366245221,
        10095.943640261761,
        11207.352303544594,
        16893.84108775353,
        22559.87053478782,
        28242.519400059293,
        33928.33677227734,
        39617.638250309246,
        45267.75563201558,
        50928.103328407095,
        56554.647397015375,
        62147.49321210692,
        63421.395164648886,
        63421.40732064268,
        63421.40732064268
    ],
    "variance": [
        32828.53425717496,
        39384.46248172605,
        45811.95192769818,
        52365.76455050202,
        58702.63486822708,
        65162.17890976321,
        97953.26763414715,
        130361.04149073738,
        163994.63265805325,
        196856.4455990485,
        228645.5884406146,
        261014.81048529994,
        291829.9355400394,
        321884.6362884038,
        300922.1745206082,
        4.175140964398691,
        0.0,
        0.0
    ],
    "gain": 0.17342957840791107,
    "slope": 5.766029123636413,
    "intercept": 682.0499868435953,
    "saturation_value": 56554.647397015375,
    "linearity_error": 0.03888831833385516,
    "residuals": [
        -0.011915997635582282,
        0.013427020612627523,
        0.010849242789833019,
        0.010948746145264563,
        0.014145935089141803,
        -0.031865152850990584,
        -0.007603212513771522,
        -0.02353707907663136,
        -0.006819304946005018,
        0.0161235336771388,
        0.04591148381671972,
        -0.0012843097501300472,
        -0.0283809304990946,
        -0.1218904600973362,
        -0.2816058730859246,
        -8.926612477541154,
        -20.074389716104307,
        -31.22219083716051
    ],
    "exposures": [
        0.05,
        0.06,
        0.07,
        0.08,
        0.09,
        0.1,
        0.15,
        0.2,
        0.25,
        0.3,
        0.35,
        0.4,
        0.45,
        0.5,
        0.55,
        0.6,
        0.65,
        0.7
    ]
}