{
    "average": [
        637.6384468157701,
        1280.2147796481731,
        2565.274793110675,
        5149.065802178536,
        7733.990366803656,
        10295.64139403024,
        12885.98123214158,
        15432.942086291634,
        17975.181746904967,
        20531.178011300322,
        23095.668283987863,
        25636.548299201066,
        28223.475332920578,
        30728.107083882824,
        33273.86926568985,
        35825.945758449365,
        38277.49281027648,
        40763.28514329546,
        43474.49207485458,
        46002.40962508178,
        48573.1955004447,
        51062.63063278231,
        53611.885269166974,
        56169.51447781211,
        58682.84370786179,
        61047.56659114375,
        62911.497989921336,
        63480.93026612561,
        63559.293526402354,
        63562.51192364263,
        63562.55277355011
    ],
    "variance": [
        35895.99674170655,
        65118.33763069094,
        124676.42549946196,
        239015.5236660937,
        357548.3968755418,
        477295.3094577544,
        597324.3311889854,
        714493.8462273816,
        832666.5175166789,
        953985.1805687295,
        1077172.8094336304,
        1189707.9810547824,
        1313466.4911823631,
        1430710.31345551,
        1548759.3964845014,
        1668909.9547631212,
        1785970.1298782723,
        1914175.8964643897,
        2043609.0654991148,
        2150049.708963656,
        2258551.7734369603,
        2376805.651694276,
        2506363.5157769886,
        2628002.742983439,
        2720882.3015149096,
        2397496.5917651625,
        889257.670855195,
        113406.67612969516,
        3787.474549974138,
        37.356804663129275,
        0.20627643928572986
    ],
    "gain": 0.021505856317060066,
    "slope": 46.49896220159923,
    "intercept": 1120.3701372118587,
    "saturation_value": 58682.84370786179,
    "linearity_error": 0.18973353893474484,
    "residuals": [
        -0.23574473705683016,
        -0.2252075875790923,
        -0.20430871790574476,
        -0.13662610454996227,
        -0.06679719749886484,
        -0.04103480864022338,
        0.03904747087897986,
        0.03699523198929469,
        0.026003803610981705,
        0.041059366734059716,
        0.07219763204911266,
        0.0586318275570973,
        0.13225224422131596,
        0.05005334933540439,
        0.04573152350212876,
        0.05336532322312405,
        -0.12934505902808924,
        -0.24721483364817373,
        0.06171929082605644,
        0.023610130962540225,
        0.06666859925647577,
        -0.04430383613681327,
        -0.04201298807584797,
        -0.02386558007082626,
        -0.08959651764232193,
        -0.4367012821149681,
        -1.7320133038103858,
        -5.478352350670418,
        -10.154489964613793,
        -14.972908161751834,
        -19.797342781960843
    ],
    "exposures": [
        0.005,
        0.01,
        0.02,
        0.04,
        0.06,
        0.08,
        0.1,
        0.12,
        0.14,
        0.16,
        0.18,
        0.2,
        0.22,
        0.24,
        0.26,
        0.28,
        0.3,
        0.32,
        0.34,
        0.36,
        0.38,
        0.4,
        0.42,
        0.44,
        0.46,
        0.48,
        0.5,
        0.52,
        0.54,
        0.56,
        0.58
    ]
}