{
    "average": [
        1942.2990152630396,
        3941.6022688820053,
        7932.8251551031,
        15869.624417381005,
        23848.15624552741,
        31825.74003672637,
        39816.81522745047,
        50041.239264693104,
        60027.50014756359,
        60051.27765815724,
        60049.718051093616,
        63492.59350640347,
        63492.59350640347,
        63492.59350640347
    ],
    "variance": [
        4042.7234202798886,
        8117.815985267226,
        16077.817187574807,
        31942.785836425555,
        48037.5326260229,
        64138.71357829633,
        80056.15806450402,
        100483.80585252822,
        119902.8043556459,
        119947.68280693922,
        119943.1597427105,
        0.0,
        0.0,
        0.0
    ],
    "gain": 0.49806996135587234,
    "slope": 2.007750070447427,
    "intercept": 155.61299794046002,
    "saturation_value": 60051.27765815724,
    "linearity_error": 1.8413189692501397,
    "residuals": [
        0.7780561574407153,
        0.6684798957622455,
        0.4356656758153633,
        -0.11442115797918977,
        -0.5872914537749491,
        -1.0619158744239037,
        -1.5115775557250486,
        2.171060382775231,
        13.030688471098845,
        5.457026876213175,
        -2.1635152415362984,
        -3.4109205692744684,
        -11.028576991989693,
        -18.64623341470496
    ],
    "exposures": [
        0.05,
        0.1,
        0.2,
        0.4,
        0.6,
        0.8,
        1.0,
        1.2,
        1.3,
        1.4,
        1.5,
        1.6,
        1.7,
        1.8
    ]
}