{
    "median": 5.57584074378026,
    "mean": 6.344200089659901,
    "rms": 7.202781478350481
}