{
    "median": 4.16312382712789,
    "mean": 4.705836621809269,
    "rms": 5.298931757749773
}