{
    "median": 6.047280380468557,
    "mean": 6.987955146339736,
    "rms": 8.023630448831096
}