{
    "median": 4.8904396530373395,
    "mean": 5.549592994805742,
    "rms": 6.2798786560039535
}