{
    "median": 7.033889393500582,
    "mean": 8.235689944582868,
    "rms": 9.602143167411189
}