{
    "median": 3.638832230262889,
    "mean": 4.099971697910081,
    "rms": 4.598528722030908
}