{
    "median": 4.376059871619672,
    "mean": 4.952722724767769,
    "rms": 5.585660215975111
}