{
    "median": 6.807348970047006,
    "mean": 7.852742758790433,
    "rms": 9.071294687325372
}