{
    "median": 4.835121508297388,
    "mean": 5.4843380952667085,
    "rms": 6.202311607539821
}