{
    "median": 4.517742799230605,
    "mean": 5.1170495972953525,
    "rms": 5.776387700940158
}