{
    "median": 4.062068438615973,
    "mean": 4.651268713908012,
    "rms": 5.284104125871168
}