{
    "median": 8.945971160248622,
    "mean": 10.52655273495623,
    "rms": 12.348116798288622
}