{
    "median": 4.7236744172307255,
    "mean": 5.3553187177997374,
    "rms": 6.052691025895671
}