{
    "median": 4.777980745042823,
    "mean": 5.418178352428173,
    "rms": 6.125631922174963
}