{
    "median": 5.993296254983557,
    "mean": 6.829361214014468,
    "rms": 7.7688318544943495
}