{
    "median": 4.56958422616325,
    "mean": 5.175411590445222,
    "rms": 5.8423806093000605
}