{
    "median": 5.193996534461688,
    "mean": 5.981978172563873,
    "rms": 6.841633436657716
}