{
    "median": 5.219683898475076,
    "mean": 5.931137513678538,
    "rms": 6.72290897826068
}