{
    "median": 4.4685008671813,
    "mean": 5.060335831377391,
    "rms": 5.711198407387744
}