{
    "median": 108.76791231792575,
    "mean": 130.30571359459577,
    "rms": 152.78406081475032
}