{
    "median": 22.197412011313382,
    "mean": 26.439549836672864,
    "rms": 31.43411647022194
}