{
    "median": 4.671188285650666,
    "mean": 5.2935383884961675,
    "rms": 5.98006647114357
}