{
    "median": 4.616968702514669,
    "mean": 5.232068768890827,
    "rms": 5.910255731365765
}