{
    "median": 4.541409472839905,
    "mean": 5.215265277604514,
    "rms": 5.944447409661995
}