{
    "median": 6.489830506261315,
    "mean": 7.407222794359663,
    "rms": 8.44370786299374
}