{
    "median": 3.9703400358155734,
    "mean": 4.482642701516919,
    "rms": 5.040646462226057
}