{
    "median": 4.420407221060073,
    "mean": 5.004814809558142,
    "rms": 5.647303593687311
}