{
    "median": 12.439979903520742,
    "mean": 14.73656907035331,
    "rms": 17.439060622155967
}