{
    "median": 3.797367509209508,
    "mean": 4.2825784319575035,
    "rms": 4.808864371671323
}