{
    "median": 4.179093349353023,
    "mean": 4.818191307561288,
    "rms": 5.458619033998784
}