{
    "median": 8.99310364169913,
    "mean": 10.6089138198343,
    "rms": 12.34862399666758
}