{
    "median": 79.73097065545421,
    "mean": 95.69828057687587,
    "rms": 113.88658154533684
}