{
    "median": 44.711180671586945,
    "mean": 53.57309323747492,
    "rms": 63.38111734994695
}