{
    "median": 7.330744274009216,
    "mean": 8.609603411567441,
    "rms": 9.967133253140407
}