{
    "median": 4.015600585023245,
    "mean": 4.625940764777666,
    "rms": 5.236476043236781
}