{
    "median": 87.98038887942067,
    "mean": 105.69883559513084,
    "rms": 126.06154216662672
}