{
    "median": 11.608323386991684,
    "mean": 13.773182370747419,
    "rms": 16.151303402162135
}