{
    "median": 4.711077606099081,
    "mean": 5.430062502899551,
    "rms": 6.17767167784593
}