{
    "median": 68.33161446061632,
    "mean": 81.92268646184857,
    "rms": 97.22743334888516
}