{
    "median": 5.292855695637323,
    "mean": 6.096919881297404,
    "rms": 6.932704154036716
}