{
    "median": 31.13244054498158,
    "mean": 37.49633661879815,
    "rms": 44.69858551649829
}