{
    "median": 4.38169491045995,
    "mean": 5.061653620807421,
    "rms": 5.747352563586136
}