{
    "median": 4.095564033441356,
    "mean": 4.720386490652349,
    "rms": 5.346033515158305
}