{
    "median": 55.26094123608084,
    "mean": 66.22510935095131,
    "rms": 78.45213248823019
}