{
    "median": 46.819297481763755,
    "mean": 56.22066262410433,
    "rms": 66.67872586868296
}