{
    "median": 6.8396530261320825,
    "mean": 7.957970249082745,
    "rms": 9.112797616022917
}