{
    "median": 7.706406208806574,
    "mean": 9.066576237723716,
    "rms": 10.51769971090824
}