{
    "median": 117.31175788906859,
    "mean": 141.8662848965175,
    "rms": 170.75688903082283
}