{
    "median": 4.789142934000971,
    "mean": 5.544766241988497,
    "rms": 6.312130874861116
}