{
    "median": 4.136011800979207,
    "mean": 4.768092257664956,
    "rms": 5.401563005679214
}