{
    "median": 29.718492114315545,
    "mean": 35.72198633047398,
    "rms": 42.469514498147916
}