{
    "median": 5.53345179901257,
    "mean": 6.390598211338635,
    "rms": 7.289467979566465
}