{
    "median": 4.423437716335123,
    "mean": 5.111927457536545,
    "rms": 5.806818718278145
}