{
    "median": 6.501855530262808,
    "mean": 7.556210533727373,
    "rms": 8.641156967986236
}