{
    "median": 4.339904962842531,
    "mean": 5.011886970480355,
    "rms": 5.688913457692461
}