{
    "median": 4.477248221171901,
    "mean": 5.157739960635248,
    "rms": 5.865739998169395
}