{
    "median": 4.217509865500038,
    "mean": 4.8649269002285305,
    "rms": 5.514809194147372
}