{
    "median": 72.17366132783891,
    "mean": 86.48946425165224,
    "rms": 102.6259830772441
}