{
    "median": 102.5576351683974,
    "mean": 123.33551736738289,
    "rms": 147.30210210927038
}