{
    "median": 5.827035651417556,
    "mean": 6.734945448899887,
    "rms": 7.685126031256831
}