{
    "median": 4.937372095978628,
    "mean": 5.718918494999744,
    "rms": 6.5137644935961365
}