{
    "median": 4.050526709974881,
    "mean": 4.6698198305976755,
    "rms": 5.290092478473657
}