{
    "median": 42.1448683347234,
    "mean": 50.49439697952015,
    "rms": 59.760636942613175
}