{
    "median": 8.11357290960506,
    "mean": 9.55609305240306,
    "rms": 11.10071445694157
}