{
    "median": 12.21569020866711,
    "mean": 14.519108258977166,
    "rms": 17.065314702856746
}