{
    "median": 32.786199548210305,
    "mean": 39.531394070921266,
    "rms": 47.19707380120074
}