{
    "median": 4.656687303196762,
    "mean": 5.3833560728406535,
    "rms": 6.118186460861255
}