{
    "median": 22.74593685065859,
    "mean": 27.1963526805319,
    "rms": 32.155400879475486
}