{
    "median": 4.699556614422739,
    "mean": 5.435924599614935,
    "rms": 6.181613420341044
}