{
    "median": 9.9399436525292,
    "mean": 11.767362880061333,
    "rms": 13.756490315888417
}