{
    "median": 13.570384109340749,
    "mean": 16.14838324246266,
    "rms": 19.013050485734333
}