{
    "median": 18.955896930786366,
    "mean": 22.66125771365006,
    "rms": 26.8268517034088
}