{
    "median": 17.869728085595863,
    "mean": 21.35140824497852,
    "rms": 25.265951585129663
}