{
    "median": 21.417619773333662,
    "mean": 25.604194188604726,
    "rms": 30.28373316544313
}