{
    "median": 5.248569494423519,
    "mean": 6.0859954210255625,
    "rms": 6.940307211056686
}