{
    "median": 4.296937027705812,
    "mean": 4.961049139508872,
    "rms": 5.629755470201231
}