{
    "median": 52.01545403694696,
    "mean": 62.47463305834074,
    "rms": 74.18128966892021
}