{
    "median": 34.752074057356154,
    "mean": 41.8831421638182,
    "rms": 49.980427697295326
}