{
    "median": 6.179706590820897,
    "mean": 7.175906896818748,
    "rms": 8.198125983558597
}