{
    "median": 128.80545318907048,
    "mean": 156.27481834533947,
    "rms": 188.79476282385082
}