{
    "median": 36.991697947403146,
    "mean": 44.50552247712049,
    "rms": 52.991136571827504
}