{
    "median": 4.256437781914708,
    "mean": 4.912652103826981,
    "rms": 5.572717799617479
}