{
    "median": 4.556788497927067,
    "mean": 5.269252594636654,
    "rms": 5.990209562713832
}