{
    "median": 4.842829632208581,
    "mean": 5.6053440223598985,
    "rms": 6.378933003900937
}