{
    "median": 123.22073049484489,
    "mean": 149.3263701228368,
    "rms": 180.16510050037454
}