{
    "median": 4.737394492164911,
    "mean": 5.484011269666574,
    "rms": 6.2427172513147084
}