{
    "median": 3.980778499554383,
    "mean": 4.5825476141087735,
    "rms": 5.182810699665127
}