{
    "median": 6.10976270468617,
    "mean": 7.070090669841177,
    "rms": 8.081906600494042
}