{
    "median": 3.7014705557762726,
    "mean": 4.238214663897402,
    "rms": 4.785621849909691
}