{
    "median": 64.72661878066391,
    "mean": 77.6752795550396,
    "rms": 92.20942660281574
}