{
    "median": 3.93761423248979,
    "mean": 4.5333508991911025,
    "rms": 5.127506401804151
}