{
    "median": 4.951485122787315,
    "mean": 5.712782998997011,
    "rms": 6.506899917137687
}