{
    "median": 48.99825123008275,
    "mean": 58.9695199045169,
    "rms": 70.14225921300604
}