{
    "median": 83.7099431081123,
    "mean": 100.50148423681865,
    "rms": 119.71419019067919
}