{
    "median": 28.316135631493136,
    "mean": 33.980629952149364,
    "rms": 40.31073256478975
}