{
    "median": 4.468136582663738,
    "mean": 5.164081053301965,
    "rms": 5.8666659428436585
}