{
    "median": 4.6097722286464435,
    "mean": 5.328233187865677,
    "rms": 6.053843176093004
}