{
    "median": 10.45291616549838,
    "mean": 12.39148703336548,
    "rms": 14.514073136798013
}