{
    "median": 4.993960212150097,
    "mean": 5.782677703388503,
    "rms": 6.584286815666132
}