{
    "median": 15.089264065629296,
    "mean": 18.002274759518667,
    "rms": 21.266800936972402
}