{
    "median": 3.8890934751480377,
    "mean": 4.456413732977986,
    "rms": 5.0364482244045075
}