{
    "median": 16.89140291695403,
    "mean": 20.163376624458014,
    "rms": 23.836737354613952
}