{
    "median": 4.515309938086835,
    "mean": 5.218526031943647,
    "rms": 5.9286291991832725
}