{
    "median": 24.12239113232335,
    "mean": 28.849506950077842,
    "rms": 34.10327726783357
}