{
    "median": 14.303894690133195,
    "mean": 17.04717190190936,
    "rms": 20.110223512957255
}