{
    "median": 58.71107551656833,
    "mean": 70.22162870150387,
    "rms": 82.98794063819291
}