{
    "median": 8.516329837122088,
    "mean": 10.049570413221591,
    "rms": 11.702481952888256
}