{
    "median": 4.0761211405550535,
    "mean": 4.678789073959881,
    "rms": 5.298191564890951
}