{
    "median": 5.60698608561182,
    "mean": 6.493112688895156,
    "rms": 7.394775103300604
}