{
    "median": 4.274959501439346,
    "mean": 4.914202247439163,
    "rms": 5.573722823698708
}