{
    "median": 6.413690722296835,
    "mean": 7.435850454814647,
    "rms": 8.51878424714677
}