{
    "median": 97.4891569203053,
    "mean": 117.16473638634147,
    "rms": 139.7696985239936
}