{
    "median": 9.46484216542755,
    "mean": 11.180410736571655,
    "rms": 13.035911685223388
}