{
    "median": 161.15660330299346,
    "mean": 197.00399417393444,
    "rms": 239.8408441279073
}