{
    "median": 26.980442031417653,
    "mean": 32.305851521670064,
    "rms": 38.22182575790468
}