{
    "median": 107.40585722431513,
    "mean": 129.49059894368847,
    "rms": 155.3004159903759
}