{
    "median": 20.13508064325974,
    "mean": 24.066525845597702,
    "rms": 28.47165471045083
}