{
    "median": 4.886918095657424,
    "mean": 5.659972836252903,
    "rms": 6.445646515354837
}