{
    "median": 5.134062247482431,
    "mean": 5.950788505282577,
    "rms": 6.843901815078296
}