{
    "median": 3.5868122483758174,
    "mean": 4.118016770992916,
    "rms": 4.682387024979971
}