{
    "median": 5.106061279931576,
    "mean": 6.214913847391197,
    "rms": 7.4888914157168465
}