{
    "median": 6.378390278630958,
    "mean": 7.4310634739814745,
    "rms": 8.600179451199335
}