{
    "median": 4.844981909709302,
    "mean": 5.889193462249303,
    "rms": 7.085311299021343
}