{
    "median": 4.096923898842848,
    "mean": 4.721554873565842,
    "rms": 5.392922646018541
}