{
    "median": 4.612768243187589,
    "mean": 5.599079333360076,
    "rms": 6.724940585722805
}