{
    "median": 7.378912381427064,
    "mean": 8.714109665910215,
    "rms": 10.250223177142129
}