{
    "median": 6.68529810149068,
    "mean": 7.877603403607957,
    "rms": 9.24080712939921
}