{
    "median": 5.792822797212669,
    "mean": 7.073101028648771,
    "rms": 8.554563141319324
}