{
    "median": 5.402977829160438,
    "mean": 6.584600067905935,
    "rms": 7.94628870588071
}