{
    "median": 4.305659056272818,
    "mean": 4.968616351864862,
    "rms": 5.683906448832128
}