{
    "median": 9.041856956860386,
    "mean": 10.72941077150293,
    "rms": 12.695500197445789
}