{
    "median": 5.8896502661121595,
    "mean": 6.849772258816038,
    "rms": 7.910216177862331
}