{
    "median": 5.480739957404146,
    "mean": 6.363206079481754,
    "rms": 7.332623739946823
}