{
    "median": 8.24091324636926,
    "mean": 9.758225399106658,
    "rms": 11.5161355171433
}