{
    "median": 4.541072370944881,
    "mean": 5.24779227960398,
    "rms": 6.013674926597557
}