{
    "median": 3.7424011899748937,
    "mean": 4.30129308279355,
    "rms": 4.896743435536867
}