{
    "median": 4.810013309287774,
    "mean": 5.566735964263074,
    "rms": 6.390296431154514
}