{
    "median": 4.4046047043345045,
    "mean": 5.33941837171203,
    "rms": 6.403376448213896
}