{
    "median": 5.739868219234941,
    "mean": 7.004743901723929,
    "rms": 8.46710940496445
}