{
    "median": 3.9100144094424163,
    "mean": 4.5000777605544755,
    "rms": 5.131598562836592
}