{
    "median": 4.214572844589913,
    "mean": 5.10267321686963,
    "rms": 6.110657217224536
}