{
    "median": 4.171011042151325,
    "mean": 5.047876100320658,
    "rms": 6.042168639556085
}